scenario_id,normal_trace_sources,attack_sources,window_size,stride,length_filter,vocabulary_handling,normal_windows,attack_windows,total_windows,attack_percentage,unique_syscalls,unique_bigrams,distance_to_paper_total,distance_to_paper_attack_ratio,notes
baseline_all_sources_s30,Training_Data_Master;Validation_Data_Master,Attack_Data_Master (all families),30,30,none,none,78599,10229,88828,11.5155,171,3678,36172,0.3951,"EXPLORATORY: Current primary data reconstruction (non-overlapping windows); reference row. Distances are descriptive, not objectives."
grid_w30_s1_drop,Training_Data_Master;Validation_Data_Master,Attack_Data_Master (all families),30,1,none,none,2279217,295754,2574971,11.4857,175,3792,2522315,0.3954,"EXPLORATORY: Overlapping windows are a diagnostic only, never the final baseline. Distances are descriptive, not objectives."
grid_w30_s5_drop,Training_Data_Master;Validation_Data_Master,Attack_Data_Master (all families),30,5,none,none,457710,59453,517163,11.496,174,3764,464507,0.3953,"EXPLORATORY: Overlapping windows are a diagnostic only, never the final baseline. Distances are descriptive, not objectives."
grid_w30_s10_drop,Training_Data_Master;Validation_Data_Master,Attack_Data_Master (all families),30,10,none,none,230415,29914,260329,11.4908,172,3742,207673,0.3954,"EXPLORATORY: Overlapping windows are a diagnostic only, never the final baseline. Distances are descriptive, not objectives."
grid_w30_s15_drop,Training_Data_Master;Validation_Data_Master,Attack_Data_Master (all families),30,15,none,none,154032,20094,174126,11.5399,172,3728,121470,0.3949,"EXPLORATORY: Overlapping windows are a diagnostic only, never the final baseline. Distances are descriptive, not objectives."
grid_w30_s30_drop,Training_Data_Master;Validation_Data_Master,Attack_Data_Master (all families),30,30,none,none,78599,10229,88828,11.5155,171,3678,36172,0.3951,"EXPLORATORY: Non-overlapping. Distances are descriptive, not objectives."
src_training_normal_plus_all_attack,Training_Data_Master,Attack_Data_Master (all families),30,30,none,none,9884,10229,20113,50.8577,148,2484,32543,0.0017,"EXPLORATORY: Distances are descriptive, not objectives."
src_validation_normal_plus_all_attack,Validation_Data_Master,Attack_Data_Master (all families),30,30,none,none,68715,10229,78944,12.9573,167,3421,26288,0.3807,"EXPLORATORY: Distances are descriptive, not objectives."
src_training_validation_normal_plus_all_attack,Training_Data_Master;Validation_Data_Master,Attack_Data_Master (all families),30,30,none,none,78599,10229,88828,11.5155,171,3678,36172,0.3951,"EXPLORATORY: Distances are descriptive, not objectives."
src_family_Adduser_vs_normal,Training_Data_Master;Validation_Data_Master,Attack_Data_Master:Adduser,30,30,none,none,78599,1355,79954,1.6947,170,3508,27298,0.4933,"EXPLORATORY: Single attack family versus all normal traces. Distances are descriptive, not objectives."
src_family_Hydra_FTP_vs_normal,Training_Data_Master;Validation_Data_Master,Attack_Data_Master:Hydra_FTP,30,30,none,none,78599,1616,80215,2.0146,170,3554,27559,0.4901,"EXPLORATORY: Single attack family versus all normal traces. Distances are descriptive, not objectives."
src_family_Hydra_SSH_vs_normal,Training_Data_Master;Validation_Data_Master,Attack_Data_Master:Hydra_SSH,30,30,none,none,78599,2326,80925,2.8743,170,3532,28269,0.4816,"EXPLORATORY: Single attack family versus all normal traces. Distances are descriptive, not objectives."
src_family_Java_Meterpreter_vs_normal,Training_Data_Master;Validation_Data_Master,Attack_Data_Master:Java_Meterpreter,30,30,none,none,78599,1927,80526,2.393,171,3545,27870,0.4864,"EXPLORATORY: Single attack family versus all normal traces. Distances are descriptive, not objectives."
src_family_Meterpreter_vs_normal,Training_Data_Master;Validation_Data_Master,Attack_Data_Master:Meterpreter,30,30,none,none,78599,1128,79727,1.4148,170,3507,27071,0.4961,"EXPLORATORY: Single attack family versus all normal traces. Distances are descriptive, not objectives."
src_family_Web_Shell_vs_normal,Training_Data_Master;Validation_Data_Master,Attack_Data_Master:Web_Shell,30,30,none,none,78599,1877,80476,2.3324,170,3566,27820,0.487,"EXPLORATORY: Single attack family versus all normal traces. Distances are descriptive, not objectives."
len_min30,Training_Data_Master;Validation_Data_Master,Attack_Data_Master (all families),30,30,min_trace_len>=30,none,78599,10229,88828,11.5155,171,3678,36172,0.3951,"EXPLORATORY: Traces shorter than the threshold are excluded in memory only. Distances are descriptive, not objectives."
len_min60,Training_Data_Master;Validation_Data_Master,Attack_Data_Master (all families),30,30,min_trace_len>=60,none,78599,10229,88828,11.5155,171,3678,36172,0.3951,"EXPLORATORY: Traces shorter than the threshold are excluded in memory only. Distances are descriptive, not objectives."
len_min90,Training_Data_Master;Validation_Data_Master,Attack_Data_Master (all families),30,30,min_trace_len>=90,none,78481,10207,88688,11.5089,171,3671,36032,0.3952,"EXPLORATORY: Traces shorter than the threshold are excluded in memory only. Distances are descriptive, not objectives."
len_min120,Training_Data_Master;Validation_Data_Master,Attack_Data_Master (all families),30,30,min_trace_len>=120,none,76585,9871,86456,11.4174,171,3611,33800,0.3961,"EXPLORATORY: Traces shorter than the threshold are excluded in memory only. Distances are descriptive, not objectives."
vocab_top149_unk,Training_Data_Master;Validation_Data_Master,Attack_Data_Master (all families),30,30,none,top149_train_ids_others_to_UNK,78599,10229,88828,11.5155,149,3638,36172,0.3951,"EXPLORATORY: Diagnostic: 149 most frequent training IDs kept, others mapped to one UNK token. Frequency is an assumption. Distances are descriptive, not objectives."
vocab_top149_drop_windows,Training_Data_Master;Validation_Data_Master,Attack_Data_Master (all families),30,30,none,top149_train_ids_drop_windows_with_others,78516,10228,88744,11.5253,148,3555,36088,0.395,"EXPLORATORY: Diagnostic: 149 most frequent training IDs kept, windows containing other IDs removed. Frequency is an assumption. Distances are descriptive, not objectives."
