scenario_id,normal_trace_sources,attack_sources,window_size,stride,length_filter,vocabulary_handling,normal_traces_contributing,attack_traces_contributing,normal_windows,attack_windows,total_windows,attack_percentage,normal_to_attack_window_ratio,distance_to_paper_total,distance_to_paper_attack_ratio,windows__Attack_Data_Master::Adduser,windows__Attack_Data_Master::Hydra_FTP,windows__Attack_Data_Master::Hydra_SSH,windows__Attack_Data_Master::Java_Meterpreter,windows__Attack_Data_Master::Meterpreter,windows__Attack_Data_Master::Web_Shell,windows__Training_Data_Master,windows__Validation_Data_Master,experiment_label,closest_attack_ratio_to_paper_in_table,closest_total_to_paper_in_table
baseline_all_sources_s30,Training_Data_Master;Validation_Data_Master,Attack_Data_Master (all families),30,30,none,none,5205,746,78599,10229,88828,11.5155,7.684,36172,0.3951,1355,1616,2326,1927,1128,1877,9884,68715,EXPLORATORY reconciliation experiment - not a paper-replication result,False,False
src_training_normal_plus_all_attack,Training_Data_Master,Attack_Data_Master (all families),30,30,none,none,833,746,9884,10229,20113,50.8577,0.966,32543,0.0017,1355,1616,2326,1927,1128,1877,9884,0,EXPLORATORY reconciliation experiment - not a paper-replication result,True,False
src_validation_normal_plus_all_attack,Validation_Data_Master,Attack_Data_Master (all families),30,30,none,none,4372,746,68715,10229,78944,12.9573,6.718,26288,0.3807,1355,1616,2326,1927,1128,1877,0,68715,EXPLORATORY reconciliation experiment - not a paper-replication result,False,True
src_training_validation_normal_plus_all_attack,Training_Data_Master;Validation_Data_Master,Attack_Data_Master (all families),30,30,none,none,5205,746,78599,10229,88828,11.5155,7.684,36172,0.3951,1355,1616,2326,1927,1128,1877,9884,68715,EXPLORATORY reconciliation experiment - not a paper-replication result,False,False
src_family_Adduser_vs_normal,Training_Data_Master;Validation_Data_Master,Attack_Data_Master:Adduser,30,30,none,none,5205,91,78599,1355,79954,1.6947,58.007,27298,0.4933,1355,0,0,0,0,0,9884,68715,EXPLORATORY reconciliation experiment - not a paper-replication result,False,False
src_family_Hydra_FTP_vs_normal,Training_Data_Master;Validation_Data_Master,Attack_Data_Master:Hydra_FTP,30,30,none,none,5205,162,78599,1616,80215,2.0146,48.638,27559,0.4901,0,1616,0,0,0,0,9884,68715,EXPLORATORY reconciliation experiment - not a paper-replication result,False,False
src_family_Hydra_SSH_vs_normal,Training_Data_Master;Validation_Data_Master,Attack_Data_Master:Hydra_SSH,30,30,none,none,5205,176,78599,2326,80925,2.8743,33.791,28269,0.4816,0,0,2326,0,0,0,9884,68715,EXPLORATORY reconciliation experiment - not a paper-replication result,False,False
src_family_Java_Meterpreter_vs_normal,Training_Data_Master;Validation_Data_Master,Attack_Data_Master:Java_Meterpreter,30,30,none,none,5205,124,78599,1927,80526,2.393,40.788,27870,0.4864,0,0,0,1927,0,0,9884,68715,EXPLORATORY reconciliation experiment - not a paper-replication result,False,False
src_family_Meterpreter_vs_normal,Training_Data_Master;Validation_Data_Master,Attack_Data_Master:Meterpreter,30,30,none,none,5205,75,78599,1128,79727,1.4148,69.68,27071,0.4961,0,0,0,0,1128,0,9884,68715,EXPLORATORY reconciliation experiment - not a paper-replication result,False,False
src_family_Web_Shell_vs_normal,Training_Data_Master;Validation_Data_Master,Attack_Data_Master:Web_Shell,30,30,none,none,5205,118,78599,1877,80476,2.3324,41.875,27820,0.487,0,0,0,0,0,1877,9884,68715,EXPLORATORY reconciliation experiment - not a paper-replication result,False,False
