scenario_id,normal_trace_sources,attack_sources,window_size,stride,normal_windows,attack_windows,balanced_target_per_class,attack_windows_vs_target_deficit,attack_windows_support_target,attack_share_of_target,normal_windows_surplus_over_target,largest_balanced_nonoverlap_total,paper_attack_instances,attack_deficit_vs_paper_attack,attack_windows_at_stride_1,largest_stride_reaching_target_attack,interpretation,experiment_label
baseline_all_sources_s30,Training_Data_Master;Validation_Data_Master,Attack_Data_Master (all families),30,30,78599,10229,26328,16099,False,0.3885,52271,20458,26870,16641,295754,11,"non-overlapping attack windows are insufficient; reaching the target would need overlap, a different segmentation, resampling, or another undisclosed step (hypotheses, not findings)",EXPLORATORY reconciliation experiment - not a paper-replication result
src_training_normal_plus_all_attack,Training_Data_Master,Attack_Data_Master (all families),30,30,9884,10229,26328,16099,False,0.3885,-16444,19768,26870,16641,295754,11,"non-overlapping attack windows are insufficient; reaching the target would need overlap, a different segmentation, resampling, or another undisclosed step (hypotheses, not findings)",EXPLORATORY reconciliation experiment - not a paper-replication result
src_validation_normal_plus_all_attack,Validation_Data_Master,Attack_Data_Master (all families),30,30,68715,10229,26328,16099,False,0.3885,42387,20458,26870,16641,295754,11,"non-overlapping attack windows are insufficient; reaching the target would need overlap, a different segmentation, resampling, or another undisclosed step (hypotheses, not findings)",EXPLORATORY reconciliation experiment - not a paper-replication result
src_training_validation_normal_plus_all_attack,Training_Data_Master;Validation_Data_Master,Attack_Data_Master (all families),30,30,78599,10229,26328,16099,False,0.3885,52271,20458,26870,16641,295754,11,"non-overlapping attack windows are insufficient; reaching the target would need overlap, a different segmentation, resampling, or another undisclosed step (hypotheses, not findings)",EXPLORATORY reconciliation experiment - not a paper-replication result
src_family_Adduser_vs_normal,Training_Data_Master;Validation_Data_Master,Attack_Data_Master:Adduser,30,30,78599,1355,26328,24973,False,0.0515,52271,2710,26870,25515,39294,1,"non-overlapping attack windows are insufficient; reaching the target would need overlap, a different segmentation, resampling, or another undisclosed step (hypotheses, not findings)",EXPLORATORY reconciliation experiment - not a paper-replication result
src_family_Hydra_FTP_vs_normal,Training_Data_Master;Validation_Data_Master,Attack_Data_Master:Hydra_FTP,30,30,78599,1616,26328,24712,False,0.0614,52271,3232,26870,25254,46035,1,"non-overlapping attack windows are insufficient; reaching the target would need overlap, a different segmentation, resampling, or another undisclosed step (hypotheses, not findings)",EXPLORATORY reconciliation experiment - not a paper-replication result
src_family_Hydra_SSH_vs_normal,Training_Data_Master;Validation_Data_Master,Attack_Data_Master:Hydra_SSH,30,30,78599,2326,26328,24002,False,0.0883,52271,4652,26870,24544,67255,2,"non-overlapping attack windows are insufficient; reaching the target would need overlap, a different segmentation, resampling, or another undisclosed step (hypotheses, not findings)",EXPLORATORY reconciliation experiment - not a paper-replication result
src_family_Java_Meterpreter_vs_normal,Training_Data_Master;Validation_Data_Master,Attack_Data_Master:Java_Meterpreter,30,30,78599,1927,26328,24401,False,0.0732,52271,3854,26870,24943,55907,2,"non-overlapping attack windows are insufficient; reaching the target would need overlap, a different segmentation, resampling, or another undisclosed step (hypotheses, not findings)",EXPLORATORY reconciliation experiment - not a paper-replication result
src_family_Meterpreter_vs_normal,Training_Data_Master;Validation_Data_Master,Attack_Data_Master:Meterpreter,30,30,78599,1128,26328,25200,False,0.0428,52271,2256,26870,25742,32762,1,"non-overlapping attack windows are insufficient; reaching the target would need overlap, a different segmentation, resampling, or another undisclosed step (hypotheses, not findings)",EXPLORATORY reconciliation experiment - not a paper-replication result
src_family_Web_Shell_vs_normal,Training_Data_Master;Validation_Data_Master,Attack_Data_Master:Web_Shell,30,30,78599,1877,26328,24451,False,0.0713,52271,3754,26870,24993,54501,2,"non-overlapping attack windows are insufficient; reaching the target would need overlap, a different segmentation, resampling, or another undisclosed step (hypotheses, not findings)",EXPLORATORY reconciliation experiment - not a paper-replication result
