syscall_id,total_count,share_of_all_calls,normal_count,attack_count,count__Attack_Data_Master::Adduser,count__Attack_Data_Master::Hydra_FTP,count__Attack_Data_Master::Hydra_SSH,count__Attack_Data_Master::Java_Meterpreter,count__Attack_Data_Master::Meterpreter,count__Attack_Data_Master::Web_Shell,count__Training_Data_Master,count__Validation_Data_Master,n_traces_containing,rank_overall,train_partition_count,rank_train_partition,in_top149_train,low_frequency,only_in_one_class,experiment_label
1,933,0.00033958,933,0,0,0,0,0,0,0,539,394,10,65,755,64.0,True,False,True,EXPLORATORY reconciliation experiment - not a paper-replication result
3,389696,0.141834,343877,45819,5279,5399,9968,7833,7435,9905,55664,288213,5375,1,267921,1.0,True,False,False,EXPLORATORY reconciliation experiment - not a paper-replication result
4,105379,0.03835381,99827,5552,807,1235,2712,150,37,611,31342,68485,3891,8,72964,8.0,True,False,False,EXPLORATORY reconciliation experiment - not a paper-replication result
5,277363,0.10094921,270917,6446,316,1867,1780,643,416,1424,20503,250414,4709,2,191821,2.0,True,False,False,EXPLORATORY reconciliation experiment - not a paper-replication result
6,181725,0.06614074,177534,4191,191,1505,1387,290,269,549,22782,154752,4949,4,126543,4.0,True,False,False,EXPLORATORY reconciliation experiment - not a paper-replication result
7,12272,0.00446652,11978,294,0,117,0,1,9,167,1555,10423,467,27,9701,26.0,True,False,False,EXPLORATORY reconciliation experiment - not a paper-replication result
8,10,3.64e-06,10,0,0,0,0,0,0,0,2,8,10,151,3,161.0,False,True,True,EXPLORATORY reconciliation experiment - not a paper-replication result
9,98,3.567e-05,98,0,0,0,0,0,0,0,41,57,56,108,80,105.0,True,True,True,EXPLORATORY reconciliation experiment - not a paper-replication result
10,1271,0.00046259,1046,225,0,206,0,18,0,1,247,799,437,58,844,60.0,True,False,False,EXPLORATORY reconciliation experiment - not a paper-replication result
11,4558,0.00165893,4491,67,7,8,29,8,10,5,701,3790,3396,40,3188,37.0,True,False,False,EXPLORATORY reconciliation experiment - not a paper-replication result
12,479,0.00017434,430,49,0,0,15,0,1,33,71,359,345,77,346,78.0,True,False,False,EXPLORATORY reconciliation experiment - not a paper-replication result
13,33728,0.01227566,26977,6751,92,2221,3779,61,24,574,894,26083,1024,21,23351,21.0,True,False,False,EXPLORATORY reconciliation experiment - not a paper-replication result
15,118,4.295e-05,118,0,0,0,0,0,0,0,23,95,81,104,91,101.0,True,False,True,EXPLORATORY reconciliation experiment - not a paper-replication result
19,8005,0.0029135,6311,1694,84,2,2,3,922,681,833,5478,159,32,5143,31.0,True,False,False,EXPLORATORY reconciliation experiment - not a paper-replication result
20,452,0.00016451,450,2,0,2,0,0,0,0,80,370,417,78,319,79.0,True,False,False,EXPLORATORY reconciliation experiment - not a paper-replication result
21,30,1.092e-05,30,0,0,0,0,0,0,0,4,26,30,130,22,127.0,True,True,True,EXPLORATORY reconciliation experiment - not a paper-replication result
22,3,1.09e-06,3,0,0,0,0,0,0,0,0,3,3,169,2,166.0,False,True,True,EXPLORATORY reconciliation experiment - not a paper-replication result
26,20,7.28e-06,20,0,0,0,0,0,0,0,4,16,20,136,16,133.0,True,True,True,EXPLORATORY reconciliation experiment - not a paper-replication result
27,2069,0.00075303,1319,750,0,556,194,0,0,0,190,1129,197,52,1318,51.0,True,False,False,EXPLORATORY reconciliation experiment - not a paper-replication result
30,139,5.059e-05,139,0,0,0,0,0,0,0,16,123,116,100,102,98.0,True,False,True,EXPLORATORY reconciliation experiment - not a paper-replication result
33,65312,0.023771,63860,1452,76,316,462,162,127,309,7258,56602,4057,14,45799,14.0,True,False,False,EXPLORATORY reconciliation experiment - not a paper-replication result
37,953,0.00034685,950,3,0,1,0,2,0,0,18,932,87,64,362,76.0,True,False,False,EXPLORATORY reconciliation experiment - not a paper-replication result
38,897,0.00032647,895,2,2,0,0,0,0,0,224,671,220,66,611,67.0,True,False,False,EXPLORATORY reconciliation experiment - not a paper-replication result
39,554,0.00020163,538,16,8,0,0,8,0,0,48,490,293,75,379,75.0,True,False,False,EXPLORATORY reconciliation experiment - not a paper-replication result
40,136,4.95e-05,130,6,0,0,0,6,0,0,69,61,18,102,92,100.0,True,False,False,EXPLORATORY reconciliation experiment - not a paper-replication result
41,1586,0.00057724,1568,18,0,0,18,0,0,0,93,1475,1290,54,1108,53.0,True,False,False,EXPLORATORY reconciliation experiment - not a paper-replication result
42,6015,0.00218922,6011,4,0,2,0,0,2,0,1227,4784,1003,35,4360,34.0,True,False,False,EXPLORATORY reconciliation experiment - not a paper-replication result
43,10751,0.00391294,4680,6071,502,540,2677,677,676,999,2,4678,1266,28,7366,28.0,True,False,False,EXPLORATORY reconciliation experiment - not a paper-replication result
45,21842,0.00794963,21495,347,21,63,65,28,40,130,5942,15553,3889,24,15104,24.0,True,False,False,EXPLORATORY reconciliation experiment - not a paper-replication result
54,41629,0.01515132,36904,4725,2961,36,79,1233,41,375,2769,34135,2230,18,30492,18.0,True,False,False,EXPLORATORY reconciliation experiment - not a paper-replication result
57,172,6.26e-05,125,47,7,9,9,7,10,5,41,84,135,98,115,97.0,True,False,False,EXPLORATORY reconciliation experiment - not a paper-replication result
60,796,0.00028971,738,58,0,6,20,0,0,32,105,633,390,71,582,68.0,True,False,False,EXPLORATORY reconciliation experiment - not a paper-replication result
61,5,1.82e-06,5,0,0,0,0,0,0,0,0,5,5,158,3,162.0,False,True,True,EXPLORATORY reconciliation experiment - not a paper-replication result
63,4945,0.00179979,4882,63,0,24,37,2,0,0,942,3940,1363,38,3262,36.0,True,False,False,EXPLORATORY reconciliation experiment - not a paper-replication result
64,363,0.00013212,362,1,0,1,0,0,0,0,73,289,334,82,259,82.0,True,False,False,EXPLORATORY reconciliation experiment - not a paper-replication result
65,37,1.347e-05,32,5,0,5,0,0,0,0,10,22,33,128,27,124.0,True,True,False,EXPLORATORY reconciliation experiment - not a paper-replication result
66,269,9.791e-05,251,18,0,5,13,0,0,0,45,206,239,90,186,90.0,True,False,False,EXPLORATORY reconciliation experiment - not a paper-replication result
75,49,1.783e-05,49,0,0,0,0,0,0,0,1,48,23,124,36,120.0,True,True,True,EXPLORATORY reconciliation experiment - not a paper-replication result
77,415,0.00015104,415,0,0,0,0,0,0,0,2,413,83,79,359,77.0,True,False,True,EXPLORATORY reconciliation experiment - not a paper-replication result
78,66200,0.02409419,45075,21125,1011,4816,3408,10634,483,773,10008,35067,1790,13,49045,12.0,True,False,False,EXPLORATORY reconciliation experiment - not a paper-replication result
79,1,3.6e-07,1,0,0,0,0,0,0,0,0,1,1,170,1,169.0,False,True,True,EXPLORATORY reconciliation experiment - not a paper-replication result
83,19,6.92e-06,19,0,0,0,0,0,0,0,7,12,16,139,10,145.0,True,True,True,EXPLORATORY reconciliation experiment - not a paper-replication result
85,5817,0.00211716,5093,724,0,597,62,62,3,0,403,4690,427,36,2715,39.0,True,False,False,EXPLORATORY reconciliation experiment - not a paper-replication result
90,4,1.46e-06,4,0,0,0,0,0,0,0,0,4,4,164,3,163.0,False,True,True,EXPLORATORY reconciliation experiment - not a paper-replication result
91,45641,0.01661153,43272,2369,116,614,733,162,146,598,5600,37672,4391,16,32078,16.0,True,False,False,EXPLORATORY reconciliation experiment - not a paper-replication result
93,64,2.329e-05,64,0,0,0,0,0,0,0,20,44,48,118,42,119.0,True,True,True,EXPLORATORY reconciliation experiment - not a paper-replication result
94,186,6.77e-05,186,0,0,0,0,0,0,0,33,153,101,95,151,94.0,True,False,True,EXPLORATORY reconciliation experiment - not a paper-replication result
96,72,2.621e-05,72,0,0,0,0,0,0,0,12,60,33,115,50,116.0,True,True,True,EXPLORATORY reconciliation experiment - not a paper-replication result
97,247,8.99e-05,247,0,0,0,0,0,0,0,30,217,204,91,183,91.0,True,False,True,EXPLORATORY reconciliation experiment - not a paper-replication result
99,84,3.057e-05,84,0,0,0,0,0,0,0,7,77,73,109,53,113.0,True,True,True,EXPLORATORY reconciliation experiment - not a paper-replication result
102,93593,0.03406417,85812,7781,953,3235,1502,805,225,1061,8646,77166,3214,11,65200,10.0,True,False,False,EXPLORATORY reconciliation experiment - not a paper-replication result
104,3148,0.00114575,566,2582,358,261,551,433,342,637,3,563,94,45,2048,46.0,True,False,False,EXPLORATORY reconciliation experiment - not a paper-replication result
110,5,1.82e-06,5,0,0,0,0,0,0,0,1,4,5,159,4,158.0,False,True,True,EXPLORATORY reconciliation experiment - not a paper-replication result
111,1,3.6e-07,1,0,0,0,0,0,0,0,0,1,1,171,0,,False,True,True,EXPLORATORY reconciliation experiment - not a paper-replication result
114,4806,0.00174919,2760,2046,855,22,185,984,0,0,793,1967,318,39,2951,38.0,True,False,False,EXPLORATORY reconciliation experiment - not a paper-replication result
116,4,1.46e-06,4,0,0,0,0,0,0,0,0,4,3,165,3,164.0,False,True,True,EXPLORATORY reconciliation experiment - not a paper-replication result
117,71,2.584e-05,65,6,0,0,0,6,0,0,15,50,36,116,52,114.0,True,True,False,EXPLORATORY reconciliation experiment - not a paper-replication result
118,1225,0.00044585,1220,5,5,0,0,0,0,0,284,936,124,60,825,61.0,True,False,False,EXPLORATORY reconciliation experiment - not a paper-replication result
119,1443,0.0005252,924,519,158,22,87,84,135,33,185,739,190,55,1032,54.0,True,False,False,EXPLORATORY reconciliation experiment - not a paper-replication result
120,6996,0.00254627,6835,161,0,73,14,51,10,13,2215,4620,1134,33,4647,33.0,True,False,False,EXPLORATORY reconciliation experiment - not a paper-replication result
122,3530,0.00128478,3418,112,9,22,26,19,10,26,299,3119,2650,43,2462,43.0,True,False,False,EXPLORATORY reconciliation experiment - not a paper-replication result
124,6,2.18e-06,6,0,0,0,0,0,0,0,0,6,2,155,6,149.0,True,True,True,EXPLORATORY reconciliation experiment - not a paper-replication result
125,55149,0.02007206,53452,1697,63,572,615,301,103,43,4825,48627,3923,15,38509,15.0,True,False,False,EXPLORATORY reconciliation experiment - not a paper-replication result
128,12,4.37e-06,12,0,0,0,0,0,0,0,2,10,12,149,8,148.0,True,True,True,EXPLORATORY reconciliation experiment - not a paper-replication result
132,32,1.165e-05,31,1,0,0,0,0,1,0,3,28,12,129,26,125.0,True,True,False,EXPLORATORY reconciliation experiment - not a paper-replication result
133,291,0.00010591,291,0,0,0,0,0,0,0,17,274,23,87,266,81.0,True,False,True,EXPLORATORY reconciliation experiment - not a paper-replication result
136,18,6.55e-06,18,0,0,0,0,0,0,0,0,18,18,141,13,138.0,True,True,True,EXPLORATORY reconciliation experiment - not a paper-replication result
140,24195,0.00880603,23062,1133,27,111,318,632,3,42,3760,19302,1521,23,15568,23.0,True,False,False,EXPLORATORY reconciliation experiment - not a paper-replication result
141,1684,0.00061291,1616,68,5,2,16,28,3,14,269,1347,404,53,881,59.0,True,False,False,EXPLORATORY reconciliation experiment - not a paper-replication result
142,41357,0.01505232,29575,11782,1530,3371,2163,1337,1413,1968,1428,28147,583,19,31086,17.0,True,False,False,EXPLORATORY reconciliation experiment - not a paper-replication result
143,117,4.258e-05,117,0,0,0,0,0,0,0,37,80,59,105,84,104.0,True,False,True,EXPLORATORY reconciliation experiment - not a paper-replication result
144,20,7.28e-06,20,0,0,0,0,0,0,0,7,13,15,137,12,140.0,True,True,True,EXPLORATORY reconciliation experiment - not a paper-replication result
146,31023,0.01129115,25517,5506,1047,866,978,943,776,896,1603,23914,870,22,22120,22.0,True,False,False,EXPLORATORY reconciliation experiment - not a paper-replication result
148,42,1.529e-05,42,0,0,0,0,0,0,0,33,9,3,126,9,146.0,True,True,True,EXPLORATORY reconciliation experiment - not a paper-replication result
150,6,2.18e-06,6,0,0,0,0,0,0,0,0,6,6,156,2,167.0,False,True,True,EXPLORATORY reconciliation experiment - not a paper-replication result
151,4,1.46e-06,4,0,0,0,0,0,0,0,0,4,4,166,2,168.0,False,True,True,EXPLORATORY reconciliation experiment - not a paper-replication result
154,21,7.64e-06,21,0,0,0,0,0,0,0,0,21,1,134,21,128.0,True,True,True,EXPLORATORY reconciliation experiment - not a paper-replication result
155,300,0.00010919,300,0,0,0,0,0,0,0,40,260,300,86,211,87.0,True,False,True,EXPLORATORY reconciliation experiment - not a paper-replication result
156,122,4.44e-05,121,1,0,0,0,0,0,1,0,121,37,103,96,99.0,True,False,False,EXPLORATORY reconciliation experiment - not a paper-replication result
157,340,0.00012375,340,0,0,0,0,0,0,0,31,309,293,84,240,84.0,True,False,True,EXPLORATORY reconciliation experiment - not a paper-replication result
158,8313,0.0030256,8201,112,0,0,0,112,0,0,98,8103,215,31,6473,29.0,True,False,False,EXPLORATORY reconciliation experiment - not a paper-replication result
159,1013,0.00036869,1013,0,0,0,0,0,0,0,89,924,380,62,704,65.0,True,False,True,EXPLORATORY reconciliation experiment - not a paper-replication result
160,798,0.00029044,797,1,0,0,1,0,0,0,83,714,405,70,548,69.0,True,False,False,EXPLORATORY reconciliation experiment - not a paper-replication result
162,12752,0.00464123,5760,6992,3257,100,373,3206,5,51,260,5500,222,26,8881,27.0,True,False,False,EXPLORATORY reconciliation experiment - not a paper-replication result
163,852,0.00031009,727,125,0,0,0,94,0,31,25,702,42,69,765,63.0,True,False,False,EXPLORATORY reconciliation experiment - not a paper-replication result
168,229143,0.08339903,153968,75175,11481,9463,12921,10414,9608,21288,10752,143216,2925,3,159478,3.0,True,False,False,EXPLORATORY reconciliation experiment - not a paper-replication result
172,244,8.881e-05,234,10,0,10,0,0,0,0,35,199,66,92,89,103.0,True,False,False,EXPLORATORY reconciliation experiment - not a paper-replication result
173,1,3.6e-07,0,1,0,0,0,1,0,0,0,0,1,172,1,170.0,False,True,True,EXPLORATORY reconciliation experiment - not a paper-replication result
174,41199,0.01499481,39247,1952,270,405,520,262,327,168,5912,33335,3493,20,29026,19.0,True,False,False,EXPLORATORY reconciliation experiment - not a paper-replication result
175,42409,0.01543521,39714,2695,598,263,455,373,649,357,5842,33872,2996,17,28109,20.0,True,False,False,EXPLORATORY reconciliation experiment - not a paper-replication result
176,701,0.00025514,701,0,0,0,0,0,0,0,118,583,23,73,438,74.0,True,False,True,EXPLORATORY reconciliation experiment - not a paper-replication result
177,66,2.402e-05,66,0,0,0,0,0,0,0,0,66,4,117,66,109.0,True,True,True,EXPLORATORY reconciliation experiment - not a paper-replication result
179,11,4e-06,11,0,0,0,0,0,0,0,3,8,8,150,11,143.0,True,True,True,EXPLORATORY reconciliation experiment - not a paper-replication result
180,6908,0.00251424,6908,0,0,0,0,0,0,0,5961,947,103,34,4883,32.0,True,False,True,EXPLORATORY reconciliation experiment - not a paper-replication result
181,894,0.00032538,894,0,0,0,0,0,0,0,0,894,14,67,461,71.0,True,False,True,EXPLORATORY reconciliation experiment - not a paper-replication result
183,290,0.00010555,264,26,0,0,0,0,0,26,23,241,182,88,233,85.0,True,False,False,EXPLORATORY reconciliation experiment - not a paper-replication result
184,18,6.55e-06,18,0,0,0,0,0,0,0,2,16,11,142,5,153.0,False,True,True,EXPLORATORY reconciliation experiment - not a paper-replication result
185,10,3.64e-06,10,0,0,0,0,0,0,0,1,9,10,152,4,159.0,False,True,True,EXPLORATORY reconciliation experiment - not a paper-replication result
186,5,1.82e-06,5,0,0,0,0,0,0,0,0,5,5,160,5,154.0,False,True,True,EXPLORATORY reconciliation experiment - not a paper-replication result
187,6,2.18e-06,6,0,0,0,0,0,0,0,0,6,2,157,6,150.0,False,True,True,EXPLORATORY reconciliation experiment - not a paper-replication result
190,289,0.00010518,289,0,0,0,0,0,0,0,0,289,5,89,18,130.0,True,False,True,EXPLORATORY reconciliation experiment - not a paper-replication result
191,2743,0.00099834,2681,62,7,11,21,8,11,4,199,2482,2388,48,1994,47.0,True,False,False,EXPLORATORY reconciliation experiment - not a paper-replication result
192,158893,0.05783079,155314,3579,205,1104,1293,349,300,328,13097,142217,4461,6,111129,6.0,True,False,False,EXPLORATORY reconciliation experiment - not a paper-replication result
194,239,8.699e-05,238,1,1,0,0,0,0,0,30,208,103,93,187,89.0,True,False,False,EXPLORATORY reconciliation experiment - not a paper-replication result
195,178748,0.06505723,175426,3322,41,970,359,540,638,774,19414,156012,3854,5,123863,5.0,True,False,False,EXPLORATORY reconciliation experiment - not a paper-replication result
196,15416,0.00561082,14621,795,4,308,27,259,7,190,3741,10880,925,25,11508,25.0,True,False,False,EXPLORATORY reconciliation experiment - not a paper-replication result
197,101093,0.03679387,99122,1971,98,552,777,161,150,233,9976,89146,4377,9,70669,9.0,True,False,False,EXPLORATORY reconciliation experiment - not a paper-replication result
198,1,3.6e-07,1,0,0,0,0,0,0,0,1,0,1,173,0,,False,True,True,EXPLORATORY reconciliation experiment - not a paper-replication result
199,3700,0.00134665,3446,254,0,46,202,6,0,0,345,3101,1102,42,2694,40.0,True,False,False,EXPLORATORY reconciliation experiment - not a paper-replication result
200,1059,0.00038543,1057,2,0,2,0,0,0,0,112,945,488,61,773,62.0,True,False,False,EXPLORATORY reconciliation experiment - not a paper-replication result
201,3740,0.00136121,3652,88,0,32,49,7,0,0,378,3274,1495,41,2663,41.0,True,False,False,EXPLORATORY reconciliation experiment - not a paper-replication result
202,1354,0.0004928,1352,2,0,2,0,0,0,0,124,1228,608,57,972,56.0,True,False,False,EXPLORATORY reconciliation experiment - not a paper-replication result
203,19,6.92e-06,19,0,0,0,0,0,0,0,9,10,12,140,16,134.0,True,True,True,EXPLORATORY reconciliation experiment - not a paper-replication result
204,20,7.28e-06,20,0,0,0,0,0,0,0,9,11,12,138,16,135.0,True,True,True,EXPLORATORY reconciliation experiment - not a paper-replication result
205,43,1.565e-05,42,1,0,0,0,0,0,1,7,35,30,125,26,126.0,True,True,False,EXPLORATORY reconciliation experiment - not a paper-replication result
206,108,3.931e-05,81,27,0,0,27,0,0,0,6,75,91,107,79,106.0,True,False,False,EXPLORATORY reconciliation experiment - not a paper-replication result
207,185,6.733e-05,185,0,0,0,0,0,0,0,30,155,82,96,156,92.0,True,False,True,EXPLORATORY reconciliation experiment - not a paper-replication result
208,313,0.00011392,313,0,0,0,0,0,0,0,12,301,138,85,225,86.0,True,False,True,EXPLORATORY reconciliation experiment - not a paper-replication result
209,61,2.22e-05,61,0,0,0,0,0,0,0,21,40,61,120,45,117.0,True,True,True,EXPLORATORY reconciliation experiment - not a paper-replication result
210,58,2.111e-05,58,0,0,0,0,0,0,0,0,58,30,121,45,118.0,True,True,True,EXPLORATORY reconciliation experiment - not a paper-replication result
211,52,1.893e-05,52,0,0,0,0,0,0,0,16,36,52,122,36,121.0,True,True,True,EXPLORATORY reconciliation experiment - not a paper-replication result
212,78,2.839e-05,78,0,0,0,0,0,0,0,9,69,62,113,51,115.0,True,True,True,EXPLORATORY reconciliation experiment - not a paper-replication result
213,209,7.607e-05,209,0,0,0,0,0,0,0,20,189,186,94,152,93.0,True,False,True,EXPLORATORY reconciliation experiment - not a paper-replication result
214,82,2.984e-05,82,0,0,0,0,0,0,0,7,75,78,112,61,110.0,True,True,True,EXPLORATORY reconciliation experiment - not a paper-replication result
215,28,1.019e-05,28,0,0,0,0,0,0,0,0,28,5,131,18,131.0,True,True,True,EXPLORATORY reconciliation experiment - not a paper-replication result
216,28,1.019e-05,28,0,0,0,0,0,0,0,0,28,5,132,18,132.0,True,True,True,EXPLORATORY reconciliation experiment - not a paper-replication result
219,2399,0.00087314,2242,157,103,0,0,52,2,0,282,1960,367,50,1188,52.0,True,False,False,EXPLORATORY reconciliation experiment - not a paper-replication result
220,5236,0.0019057,5074,162,6,8,42,18,5,83,1273,3801,1049,37,3696,35.0,True,False,False,EXPLORATORY reconciliation experiment - not a paper-replication result
221,66614,0.02424487,65984,630,133,232,193,7,2,63,9784,56200,3890,12,47335,13.0,True,False,False,EXPLORATORY reconciliation experiment - not a paper-replication result
224,18,6.55e-06,15,3,0,0,0,3,0,0,1,14,18,143,13,139.0,True,True,False,EXPLORATORY reconciliation experiment - not a paper-replication result
226,139,5.059e-05,139,0,0,0,0,0,0,0,10,129,13,101,128,95.0,True,False,True,EXPLORATORY reconciliation experiment - not a paper-replication result
228,16,5.82e-06,16,0,0,0,0,0,0,0,9,7,16,144,12,141.0,True,True,True,EXPLORATORY reconciliation experiment - not a paper-replication result
229,145,5.277e-05,145,0,0,0,0,0,0,0,16,129,14,99,128,96.0,True,False,True,EXPLORATORY reconciliation experiment - not a paper-replication result
230,8,2.91e-06,8,0,0,0,0,0,0,0,8,0,1,153,0,,False,True,True,EXPLORATORY reconciliation experiment - not a paper-replication result
231,16,5.82e-06,16,0,0,0,0,0,0,0,9,7,16,145,12,142.0,True,True,True,EXPLORATORY reconciliation experiment - not a paper-replication result
233,1,3.6e-07,1,0,0,0,0,0,0,0,1,0,1,174,1,171.0,False,True,True,EXPLORATORY reconciliation experiment - not a paper-replication result
234,14,5.1e-06,14,0,0,0,0,0,0,0,2,12,7,148,14,137.0,True,True,True,EXPLORATORY reconciliation experiment - not a paper-replication result
240,101046,0.03677676,89730,11316,1121,1344,3224,5262,27,338,13709,76021,3425,10,64035,11.0,True,False,False,EXPLORATORY reconciliation experiment - not a paper-replication result
242,83,3.021e-05,67,16,0,0,0,16,0,0,67,0,14,111,78,107.0,True,True,False,EXPLORATORY reconciliation experiment - not a paper-replication result
243,3345,0.00121745,3290,55,7,8,17,8,10,5,354,2936,3196,44,2339,44.0,True,False,False,EXPLORATORY reconciliation experiment - not a paper-replication result
252,8840,0.00321741,8840,0,0,0,0,0,0,0,392,8448,13,30,2244,45.0,True,False,True,EXPLORATORY reconciliation experiment - not a paper-replication result
254,112,4.076e-05,112,0,0,0,0,0,0,0,14,98,112,106,90,102.0,True,False,True,EXPLORATORY reconciliation experiment - not a paper-replication result
255,854,0.00031082,854,0,0,0,0,0,0,0,133,721,118,68,688,66.0,True,False,True,EXPLORATORY reconciliation experiment - not a paper-replication result
256,3082,0.00112173,2508,574,574,0,0,0,0,0,97,2411,87,46,2619,42.0,True,False,False,EXPLORATORY reconciliation experiment - not a paper-replication result
258,2323,0.00084548,2255,68,7,18,23,7,9,4,158,2097,2298,51,1625,50.0,True,False,False,EXPLORATORY reconciliation experiment - not a paper-replication result
259,5,1.82e-06,5,0,0,0,0,0,0,0,1,4,5,161,5,155.0,False,True,True,EXPLORATORY reconciliation experiment - not a paper-replication result
260,5,1.82e-06,5,0,0,0,0,0,0,0,1,4,5,162,5,156.0,False,True,True,EXPLORATORY reconciliation experiment - not a paper-replication result
264,4,1.46e-06,4,0,0,0,0,0,0,0,1,3,4,167,4,160.0,False,True,True,EXPLORATORY reconciliation experiment - not a paper-replication result
265,154344,0.05617514,92948,61396,6591,6370,17747,10315,9413,10960,8223,84725,1648,7,107570,7.0,True,False,False,EXPLORATORY reconciliation experiment - not a paper-replication result
266,625,0.00022748,622,3,0,0,0,3,0,0,45,577,356,74,442,73.0,True,False,False,EXPLORATORY reconciliation experiment - not a paper-replication result
268,746,0.00027151,643,103,7,38,30,6,7,15,124,519,691,72,535,70.0,True,False,False,EXPLORATORY reconciliation experiment - not a paper-replication result
269,74,2.693e-05,74,0,0,0,0,0,0,0,12,62,32,114,56,112.0,True,True,True,EXPLORATORY reconciliation experiment - not a paper-replication result
270,4,1.46e-06,4,0,0,0,0,0,0,0,3,1,4,168,3,165.0,False,True,True,EXPLORATORY reconciliation experiment - not a paper-replication result
272,21,7.64e-06,21,0,0,0,0,0,0,0,5,16,21,135,15,136.0,True,True,True,EXPLORATORY reconciliation experiment - not a paper-replication result
289,15,5.46e-06,15,0,0,0,0,0,0,0,7,8,15,146,9,147.0,True,True,True,EXPLORATORY reconciliation experiment - not a paper-replication result
292,2706,0.00098488,2603,103,3,0,50,0,19,31,44,2559,124,49,1911,49.0,True,False,False,EXPLORATORY reconciliation experiment - not a paper-replication result
293,15,5.46e-06,15,0,0,0,0,0,0,0,9,6,8,147,6,151.0,False,True,True,EXPLORATORY reconciliation experiment - not a paper-replication result
295,388,0.00014122,370,18,0,0,0,0,0,18,9,361,7,81,273,80.0,True,False,False,EXPLORATORY reconciliation experiment - not a paper-replication result
296,62,2.257e-05,62,0,0,0,0,0,0,0,0,62,3,119,61,111.0,True,True,True,EXPLORATORY reconciliation experiment - not a paper-replication result
298,175,6.369e-05,175,0,0,0,0,0,0,0,4,171,40,97,31,123.0,True,False,True,EXPLORATORY reconciliation experiment - not a paper-replication result
300,358,0.0001303,325,33,0,0,0,0,0,33,36,289,59,83,210,88.0,True,False,False,EXPLORATORY reconciliation experiment - not a paper-replication result
301,957,0.00034831,201,756,0,0,0,0,0,756,195,6,10,63,957,57.0,True,False,False,EXPLORATORY reconciliation experiment - not a paper-replication result
306,5,1.82e-06,5,0,0,0,0,0,0,0,0,5,2,163,5,157.0,False,True,True,EXPLORATORY reconciliation experiment - not a paper-replication result
307,415,0.00015104,402,13,0,12,0,0,1,0,47,355,33,80,248,83.0,True,False,False,EXPLORATORY reconciliation experiment - not a paper-replication result
308,487,0.00017725,487,0,0,0,0,0,0,0,315,172,5,76,456,72.0,True,False,True,EXPLORATORY reconciliation experiment - not a paper-replication result
309,8996,0.00327419,7022,1974,860,653,0,337,0,124,333,6689,86,29,6275,30.0,True,False,False,EXPLORATORY reconciliation experiment - not a paper-replication result
311,2813,0.00102382,2742,71,7,16,22,13,9,4,277,2465,2788,47,1968,48.0,True,False,False,EXPLORATORY reconciliation experiment - not a paper-replication result
314,50,1.82e-05,50,0,0,0,0,0,0,0,24,26,3,123,21,129.0,True,True,True,EXPLORATORY reconciliation experiment - not a paper-replication result
320,84,3.057e-05,84,0,0,0,0,0,0,0,9,75,20,110,72,108.0,True,True,True,EXPLORATORY reconciliation experiment - not a paper-replication result
322,1,3.6e-07,1,0,0,0,0,0,0,0,1,0,1,175,1,172.0,False,True,True,EXPLORATORY reconciliation experiment - not a paper-replication result
324,26,9.46e-06,19,7,7,0,0,0,0,0,0,19,8,133,11,144.0,True,True,False,EXPLORATORY reconciliation experiment - not a paper-replication result
328,8,2.91e-06,8,0,0,0,0,0,0,0,0,8,4,154,6,152.0,False,True,True,EXPLORATORY reconciliation experiment - not a paper-replication result
331,1415,0.000515,1402,13,0,0,0,0,0,13,251,1151,461,56,992,55.0,True,False,False,EXPLORATORY reconciliation experiment - not a paper-replication result
332,41,1.492e-05,41,0,0,0,0,0,0,0,3,38,41,127,33,122.0,True,True,True,EXPLORATORY reconciliation experiment - not a paper-replication result
340,1252,0.00045568,822,430,55,56,82,51,66,120,36,786,158,59,927,58.0,True,False,False,EXPLORATORY reconciliation experiment - not a paper-replication result
