model_column_index,feature_name
0,102_102
1,102_142
2,102_168
3,102_27
4,102_309
5,102_5
6,102_6
7,102_78
8,102_85
9,104_104
10,104_142
11,104_146
12,104_175
13,104_265
14,104_3
15,10_102
16,114_114
17,114_162
18,119_142
19,119_146
20,119_265
21,125_125
22,125_192
23,125_91
24,13_13
25,13_240
26,13_265
27,13_4
28,13_78
29,140_140
30,140_3
31,140_78
32,142_102
33,142_104
34,142_119
35,142_142
36,142_146
37,142_175
38,142_195
39,142_265
40,142_3
41,142_6
42,142_78
43,146_104
44,146_142
45,146_265
46,146_78
47,162_114
48,162_162
49,168_102
50,168_168
51,168_265
52,168_3
53,168_340
54,168_43
55,174_174
56,175_104
57,175_119
58,175_142
59,175_265
60,192_125
61,192_192
62,192_3
63,192_6
64,195_142
65,195_195
66,195_340
67,195_5
68,195_78
69,196_196
70,197_192
71,197_3
72,19_19
73,19_3
74,221_197
75,221_221
76,240_13
77,240_4
78,240_78
79,265_104
80,265_119
81,265_142
82,265_146
83,265_168
84,265_175
85,265_265
86,265_3
87,265_43
88,27_102
89,27_309
90,27_5
91,27_6
92,27_85
93,301_301
94,309_102
95,309_27
96,309_309
97,309_5
98,309_54
99,309_85
100,33_33
101,33_5
102,340_168
103,3_104
104,3_142
105,3_168
106,3_19
107,3_197
108,3_265
109,3_3
110,3_4
111,3_43
112,3_6
113,43_168
114,43_265
115,43_3
116,43_43
117,45_45
118,4_13
119,4_3
120,4_4
121,4_78
122,5_102
123,5_192
124,5_195
125,5_197
126,5_221
127,5_3
128,5_309
129,5_5
130,5_91
131,6_142
132,6_195
133,6_33
134,6_5
135,6_6
136,6_91
137,78_102
138,78_125
139,78_13
140,78_140
141,78_142
142,78_146
143,78_195
144,78_240
145,78_78
146,85_102
147,91_142
148,91_195
149,91_5
