rank,model_column_index,feature_name,chi2_score
1,0,168_168,3474.741588001162
2,1,168_265,2898.4929075454565
3,2,265_265,1919.5704320680145
4,3,265_3,1905.7028371956224
5,4,265_168,1734.8869868885527
6,5,3_265,1351.884933300898
7,6,142_265,1123.893833973573
8,7,78_13,1112.9817388893466
9,8,265_142,1083.585297839341
10,9,265_43,1083.5263306091178
11,10,142_78,1003.8510100229902
12,11,78_142,935.4177771440635
13,12,240_13,830.7949798587166
14,13,13_4,748.9013001653906
15,14,104_3,739.3426823162347
16,15,43_3,738.6978895225445
17,16,3_168,716.4246696874109
18,17,146_142,626.5452740790741
19,18,13_78,624.1758206956135
20,19,142_146,610.4524975954944
21,20,3_104,587.6353646572608
22,21,162_162,579.2831310366123
23,22,265_104,513.9435875267332
24,23,78_78,497.05284229109196
25,24,142_142,488.9499548570773
26,25,43_168,473.7264929719677
27,26,5_195,470.1766425289026
28,27,195_5,466.73131185761946
29,28,142_3,464.8302252705011
30,29,3_142,448.43887802932244
31,30,104_142,443.63547731824735
32,31,104_265,442.73499732651663
33,32,162_114,440.3825319437053
34,33,114_162,439.26543682315605
35,34,142_104,437.8221797308339
36,35,168_3,396.567859715314
37,36,13_240,348.2644219795642
38,37,192_192,344.2566261272883
39,38,197_192,340.46563650022205
40,39,43_265,313.0158026176032
41,40,221_221,281.7959753710666
42,41,192_6,278.0188684571031
43,42,168_43,274.99177970542075
44,43,33_5,273.18169503984967
45,44,175_142,264.23265234588723
46,45,146_104,260.0101074027939
47,46,102_142,249.9505706401303
48,47,3_197,248.70180831611424
49,48,6_33,240.32274703165132
50,49,5_3,232.90245619528162
51,50,265_146,219.492761681526
52,51,13_265,212.379023182744
53,52,3_6,204.9725250614598
54,53,175_265,201.934445119488
55,54,78_102,199.51491012750083
56,55,5_197,198.28153830730204
57,56,142_119,191.7665209194908
58,57,309_54,189.52236932922503
59,58,78_240,184.94953936170901
60,59,265_175,180.47068174609555
61,60,43_43,179.68417669958055
62,61,3_43,179.02045236792034
63,62,125_125,176.43250839833735
64,63,301_301,175.88024495669987
65,64,142_102,173.9716024556511
66,65,5_5,173.11647041017767
67,66,104_175,166.03854954718443
68,67,104_104,165.0490550623735
69,68,146_265,160.0904038388918
70,69,140_78,158.09777395815564
71,70,119_142,157.7031668121837
72,71,4_78,157.40821738801893
73,72,309_102,154.27919667292787
74,73,78_146,152.238325730849
75,74,6_91,149.52936419291973
76,75,195_195,148.4512283261035
77,76,146_78,148.43395707601866
78,77,175_104,144.86820761845178
79,78,102_27,144.10003789842418
80,79,102_309,139.00673493526702
81,80,78_140,137.9730554672335
82,81,265_119,135.73669162258
83,82,104_146,133.2466784962503
84,83,6_6,130.15346058510025
85,84,119_265,128.86092035949082
86,85,192_3,126.12709102211517
87,86,142_175,114.4994171950017
88,87,240_78,113.36706912558806
89,88,3_19,109.81337332063652
90,89,102_102,109.28349389624543
91,90,19_3,104.05990635273983
92,91,6_195,90.666878701517
93,92,168_102,83.72745412294981
94,93,4_4,82.48864946656082
95,94,4_13,81.82050560551914
96,95,19_19,75.7021555423459
97,96,175_119,75.05469051523616
98,97,142_6,71.55480112870745
99,98,3_4,70.66770532798807
100,99,102_85,68.04771604246878
101,100,27_85,66.63203665662628
102,101,4_3,66.22683941242305
103,102,195_78,65.57744611763408
104,103,27_5,65.0616549483596
105,104,119_146,64.68907161364321
106,105,174_174,61.63142983890949
107,106,5_192,59.41856428385075
108,107,5_309,59.11629797084637
109,108,91_5,58.67900921093594
110,109,309_309,58.51453515462509
111,110,197_3,57.94160989976354
112,111,91_195,57.39515515339853
113,112,102_5,56.38023098299758
114,113,5_221,55.61957160698837
115,114,91_142,54.856289306357546
116,115,309_5,52.75770585487702
117,116,45_45,52.684500356050485
118,117,6_5,51.53162487192979
119,118,125_192,51.25309116120097
120,119,340_168,50.416096033571286
121,120,10_102,50.00337366088643
122,121,27_309,49.87955770960512
123,122,114_114,49.474559061776965
124,123,102_6,48.935460400601976
125,124,309_27,48.379800940382864
126,125,102_168,47.453766231516894
127,126,102_78,47.38496314274585
128,127,13_13,47.18227144684774
129,128,240_4,46.55130453903831
130,129,168_340,46.156087971845736
131,130,142_195,45.751478702226805
132,131,33_33,44.980765901724816
133,132,6_142,43.632382002628546
134,133,140_140,42.95064728354788
135,134,85_102,42.9344670133758
136,135,192_125,42.703828771613985
137,136,195_142,42.12459260102588
138,137,3_3,41.96128065675495
139,138,27_102,41.872754222693004
140,139,5_102,41.72974294636924
141,140,196_196,41.70400446341773
142,141,309_85,41.46503156587667
143,142,125_91,40.350598083697676
144,143,5_91,40.15374163321729
145,144,221_197,39.241227087413876
146,145,78_125,38.88565867810716
147,146,140_3,38.55849252736968
148,147,27_6,38.51538132224205
149,148,195_340,38.290430196147526
150,149,78_195,37.82995420136474
