selection_id,intercept,local_surrogate_score,local_pred
phase3b_01,0.1205367579325953,0.4178923903844791,0.15582305354088102
phase3b_02,0.116279487453068,0.42480819318750396,0.15769139731887172
phase3b_03,0.11495069322608666,0.40719570982757824,0.174239625927114
phase3b_04,0.13272061613260208,0.43736967242265967,0.14955841631451866
phase3b_05,0.11613408794027072,0.3413194533603603,0.5030259738251252
phase3b_06,0.12442336045759755,0.43509865400765835,0.10385336154137365
phase3b_07,0.11231719444492892,0.42242679406777117,0.12489756506824713
phase3b_08,0.12410422063963703,0.41906873350540463,0.09177455587047478
phase3b_09,0.11274942925484704,0.3713273863043609,0.14689435817689175
phase3b_10,0.11920281933146332,0.4042355992075012,0.08665745415763743
phase3b_11,0.12469491436081574,0.42324197456054324,0.0875570944060472
phase3b_12,0.12413103248143027,0.43038294588810866,0.17957346479811406
phase3b_13,0.12321501293441714,0.4416751162863767,-0.15955786157100685
phase3b_14,0.11600486344308962,0.39449885989240796,0.19696108048962052
phase3b_15,0.11467394241706885,0.41941149425273316,-0.22531701802243448
phase3b_16,0.11923137270828336,0.4156843967182061,0.17631490361199204
phase3b_17,0.11856320535937755,0.4248357959586051,0.15526752974725042
phase3b_18,0.11133304535280403,0.42675240711751383,0.10600967765186653
phase3b_19,0.7771256722483129,0.21422549828500448,0.8818697824043282
phase3b_20,0.11556084070209426,0.36151051652761734,0.2722267208658056
