selection_id,outcome_group,lime_top10_set,shap_top10_set,intersection_size,union_size,jaccard_overlap,sign_agreement_overlap
phase3b_01,TP,114_162|140_140|162_114|192_6|221_197|221_221|265_168|309_54|45_45|6_195,104_146|104_3|13_4|142_142|168_168|168_265|265_265|33_5|3_265|78_13,0,20,0.0,
phase3b_02,TP,104_3|114_162|140_140|162_114|192_6|221_197|221_221|265_168|309_54|5_221,102_27|168_168|168_265|192_6|240_13|265_119|265_168|265_265|27_6|3_265,2,18,0.1111111111111111,0.0
phase3b_03,TP,114_162|140_140|162_114|192_6|221_197|221_221|265_168|309_54|45_45|6_195,102_142|104_146|142_78|168_265|265_265|265_3|3_265|3_6|4_3|5_309,0,20,0.0,
phase3b_04,TP,114_162|140_140|162_114|192_6|221_197|221_221|265_168|309_54|45_45|6_195,125_125|142_119|168_168|168_265|192_6|265_265|265_43|43_168|78_102|78_13,1,19,0.05263157894736842,0.0
phase3b_05,TP,104_3|140_140|142_3|192_6|221_221|265_168|265_3|33_5|3_142|3_265,102_6|104_3|168_265|195_195|221_221|265_104|265_142|265_175|4_4|5_197,2,18,0.1111111111111111,0.5
phase3b_06,FN,104_3|114_162|140_140|162_114|192_6|221_197|221_221|265_168|309_54|45_45,168_168|168_265|192_6|265_265|265_3|3_265|3_4|43_3|78_13|78_78,1,19,0.05263157894736842,0.0
phase3b_07,FN,104_3|114_162|140_140|162_114|192_6|221_197|221_221|265_168|309_54|5_221,168_168|168_265|192_6|265_265|265_3|3_265|78_102|78_13|78_240|78_78,1,19,0.05263157894736842,0.0
phase3b_08,FN,114_162|140_140|168_102|192_6|221_197|221_221|265_168|309_54|45_45|5_221,102_102|102_6|168_168|168_265|195_5|265_43|27_5|3_6|78_102|78_142,0,20,0.0,
phase3b_09,FN,140_140|168_102|192_6|221_197|221_221|265_168|309_54|33_5|3_6|45_45,13_4|168_265|192_6|265_168|265_265|265_3|3_265|43_168|43_3|78_13,2,18,0.1111111111111111,0.5
phase3b_10,FN,114_162|140_140|162_114|192_6|221_197|221_221|265_168|309_54|45_45|5_221,125_125|142_142|168_168|168_265|265_168|265_265|265_3|3_265|78_13|78_142,1,19,0.05263157894736842,1.0
phase3b_11,TN,114_162|140_140|140_3|162_114|192_6|221_197|221_221|265_168|309_54|45_45,102_142|168_168|168_265|192_6|197_192|33_5|3_265|5_3|6_33|78_146,1,19,0.05263157894736842,1.0
phase3b_12,TN,140_140|162_114|192_6|221_197|221_221|265_168|309_54|45_45|5_192|5_221,142_146|168_168|168_265|265_265|43_3|4_4|78_102|78_13|78_142|78_78,0,20,0.0,
phase3b_13,TN,114_162|140_140|162_114|192_6|221_197|221_221|265_168|309_54|45_45|5_192,168_168|168_265|192_6|221_221|265_265|265_43|43_3|6_6|78_13|78_78,2,18,0.1111111111111111,0.5
phase3b_14,TN,114_162|140_140|168_102|192_6|221_197|221_221|265_168|309_54|45_45|5_221,140_78|146_104|168_168|168_265|195_5|197_192|3_104|3_6|5_197|5_91,0,20,0.0,
phase3b_15,TN,114_162|140_140|162_114|192_6|221_197|221_221|265_168|309_54|45_45|5_221,102_102|168_102|168_168|168_265|175_142|192_6|221_221|265_265|3_265|78_13,2,18,0.1111111111111111,0.5
phase3b_16,FP,114_162|140_140|162_114|192_6|221_197|221_221|265_168|309_54|45_45|5_221,104_146|13_78|168_168|168_265|192_6|265_168|265_3|309_309|3_265|45_45,3,17,0.17647058823529413,0.3333333333333333
phase3b_17,FP,104_3|140_140|162_114|192_6|221_197|221_221|265_168|309_54|45_45|5_221,142_78|168_168|168_265|168_43|265_265|265_3|3_168|3_19|3_265|78_102,0,20,0.0,
phase3b_18,FP,114_162|140_140|162_114|192_3|192_6|221_197|221_221|265_168|309_54|45_45,102_27|102_6|142_146|168_168|168_265|197_192|265_168|5_309|6_195|6_33,1,19,0.05263157894736842,0.0
phase3b_19,FP,104_142|104_265|142_142|142_175|142_3|175_104|175_142|175_265|265_104|3_142,104_142|104_265|104_3|142_142|168_168|175_104|175_265|19_3|265_104|5_102,6,14,0.42857142857142855,1.0
phase3b_20,FP,140_140|162_114|168_102|192_6|221_197|221_221|265_168|45_45|5_221|78_240,102_142|104_146|168_102|240_78|265_168|43_3|4_3|78_13|78_240|78_78,3,17,0.17647058823529413,0.3333333333333333
