selection_id,window_index,trace_id,window_start,true_label,predicted_label,predicted_attack_probability,outcome_group,rank,feature_name,feature_value,signed_attribution,absolute_attribution
phase3b_01,74,Attack_Data_Master/Adduser_7/UAD-Adduser-7-2462,660,1,1,0.6199931756887124,TP,1,168_168,0.7262884488000275,0.18020930185064585,0.18020930185064585
phase3b_01,74,Attack_Data_Master/Adduser_7/UAD-Adduser-7-2462,660,1,1,0.6199931756887124,TP,2,265_265,0.4268521606409949,0.08947030313357052,0.08947030313357052
phase3b_01,74,Attack_Data_Master/Adduser_7/UAD-Adduser-7-2462,660,1,1,0.6199931756887124,TP,3,78_13,0.0,-0.04334901069386436,0.04334901069386436
phase3b_01,74,Attack_Data_Master/Adduser_7/UAD-Adduser-7-2462,660,1,1,0.6199931756887124,TP,4,3_265,0.2743388189606971,0.03152132805708729,0.03152132805708729
phase3b_01,74,Attack_Data_Master/Adduser_7/UAD-Adduser-7-2462,660,1,1,0.6199931756887124,TP,5,168_265,0.08320297082309001,-0.029598870916502512,0.029598870916502512
phase3b_01,74,Attack_Data_Master/Adduser_7/UAD-Adduser-7-2462,660,1,1,0.6199931756887124,TP,6,142_142,0.0,-0.027035276959386813,0.027035276959386813
phase3b_01,74,Attack_Data_Master/Adduser_7/UAD-Adduser-7-2462,660,1,1,0.6199931756887124,TP,7,104_146,0.0,-0.024586790171220316,0.024586790171220316
phase3b_01,74,Attack_Data_Master/Adduser_7/UAD-Adduser-7-2462,660,1,1,0.6199931756887124,TP,8,13_4,0.0,-0.022994908972940896,0.022994908972940896
phase3b_01,74,Attack_Data_Master/Adduser_7/UAD-Adduser-7-2462,660,1,1,0.6199931756887124,TP,9,104_3,0.0,-0.022595014811841712,0.022595014811841712
phase3b_01,74,Attack_Data_Master/Adduser_7/UAD-Adduser-7-2462,660,1,1,0.6199931756887124,TP,10,33_5,0.0,0.019788264481994916,0.019788264481994916
phase3b_02,374,Attack_Data_Master/Hydra_FTP_6/UAD-Hydra-FTP-61371,180,1,1,0.6681168613644033,TP,1,168_168,0.7798112269629137,0.2098248576197044,0.2098248576197044
phase3b_02,374,Attack_Data_Master/Hydra_FTP_6/UAD-Hydra-FTP-61371,180,1,1,0.6681168613644033,TP,2,265_265,0.3437313105466387,0.08029635491939782,0.08029635491939782
phase3b_02,374,Attack_Data_Master/Hydra_FTP_6/UAD-Hydra-FTP-61371,180,1,1,0.6681168613644033,TP,3,168_265,0.402005221097355,0.07314640947129993,0.07314640947129993
phase3b_02,374,Attack_Data_Master/Hydra_FTP_6/UAD-Hydra-FTP-61371,180,1,1,0.6681168613644033,TP,4,240_13,0.0,-0.055564808472100616,0.055564808472100616
phase3b_02,374,Attack_Data_Master/Hydra_FTP_6/UAD-Hydra-FTP-61371,180,1,1,0.6681168613644033,TP,5,192_6,0.0,0.04403800552522844,0.04403800552522844
phase3b_02,374,Attack_Data_Master/Hydra_FTP_6/UAD-Hydra-FTP-61371,180,1,1,0.6681168613644033,TP,6,3_265,0.0,-0.0335671116123468,0.0335671116123468
phase3b_02,374,Attack_Data_Master/Hydra_FTP_6/UAD-Hydra-FTP-61371,180,1,1,0.6681168613644033,TP,7,265_168,0.3199301314098495,0.03345027860653762,0.03345027860653762
phase3b_02,374,Attack_Data_Master/Hydra_FTP_6/UAD-Hydra-FTP-61371,180,1,1,0.6681168613644033,TP,8,265_119,0.0,-0.033150715054536775,0.033150715054536775
phase3b_02,374,Attack_Data_Master/Hydra_FTP_6/UAD-Hydra-FTP-61371,180,1,1,0.6681168613644033,TP,9,27_6,0.0,-0.032213868356007015,0.032213868356007015
phase3b_02,374,Attack_Data_Master/Hydra_FTP_6/UAD-Hydra-FTP-61371,180,1,1,0.6681168613644033,TP,10,102_27,0.0,0.029542206465659707,0.029542206465659707
phase3b_03,842,Attack_Data_Master/Hydra_SSH_9/UAD-Hydra-SSH-9-2462,810,1,1,0.8238512420200965,TP,1,168_265,0.5651731690490363,0.25547148784484075,0.25547148784484075
phase3b_03,842,Attack_Data_Master/Hydra_SSH_9/UAD-Hydra-SSH-9-2462,810,1,1,0.8238512420200965,TP,2,265_3,0.480033676359596,0.20937331589202982,0.20937331589202982
phase3b_03,842,Attack_Data_Master/Hydra_SSH_9/UAD-Hydra-SSH-9-2462,810,1,1,0.8238512420200965,TP,3,3_265,0.4658756116859673,0.1458858180656828,0.1458858180656828
phase3b_03,842,Attack_Data_Master/Hydra_SSH_9/UAD-Hydra-SSH-9-2462,810,1,1,0.8238512420200965,TP,4,3_6,0.0,-0.06022452968619212,0.06022452968619212
phase3b_03,842,Attack_Data_Master/Hydra_SSH_9/UAD-Hydra-SSH-9-2462,810,1,1,0.8238512420200965,TP,5,102_142,0.0,-0.0563442792659905,0.0563442792659905
phase3b_03,842,Attack_Data_Master/Hydra_SSH_9/UAD-Hydra-SSH-9-2462,810,1,1,0.8238512420200965,TP,6,5_309,0.0,-0.04924317178015253,0.04924317178015253
phase3b_03,842,Attack_Data_Master/Hydra_SSH_9/UAD-Hydra-SSH-9-2462,810,1,1,0.8238512420200965,TP,7,4_3,0.0,0.04592263319034761,0.04592263319034761
phase3b_03,842,Attack_Data_Master/Hydra_SSH_9/UAD-Hydra-SSH-9-2462,810,1,1,0.8238512420200965,TP,8,265_265,0.0,-0.04300780405400224,0.04300780405400224
phase3b_03,842,Attack_Data_Master/Hydra_SSH_9/UAD-Hydra-SSH-9-2462,810,1,1,0.8238512420200965,TP,9,142_78,0.0,-0.041885480964206585,0.041885480964206585
phase3b_03,842,Attack_Data_Master/Hydra_SSH_9/UAD-Hydra-SSH-9-2462,810,1,1,0.8238512420200965,TP,10,104_146,0.0,0.04131955754537051,0.04131955754537051
phase3b_04,1451,Attack_Data_Master/Web_Shell_6/UAD-WS6-2311,210,1,1,0.599128808309621,TP,1,168_265,0.4775948964812589,0.12022465833084918,0.12022465833084918
phase3b_04,1451,Attack_Data_Master/Web_Shell_6/UAD-WS6-2311,210,1,1,0.599128808309621,TP,2,265_265,0.39202910464838914,0.0881610230653252,0.0881610230653252
phase3b_04,1451,Attack_Data_Master/Web_Shell_6/UAD-WS6-2311,210,1,1,0.599128808309621,TP,3,168_168,0.4632201805733298,0.062185134447245494,0.062185134447245494
phase3b_04,1451,Attack_Data_Master/Web_Shell_6/UAD-WS6-2311,210,1,1,0.599128808309621,TP,4,78_13,0.0,-0.04034657967752425,0.04034657967752425
phase3b_04,1451,Attack_Data_Master/Web_Shell_6/UAD-WS6-2311,210,1,1,0.599128808309621,TP,5,265_43,0.1604642382117769,-0.03988530808839032,0.03988530808839032
phase3b_04,1451,Attack_Data_Master/Web_Shell_6/UAD-WS6-2311,210,1,1,0.599128808309621,TP,6,78_102,0.0,-0.02814126577294717,0.02814126577294717
phase3b_04,1451,Attack_Data_Master/Web_Shell_6/UAD-WS6-2311,210,1,1,0.599128808309621,TP,7,43_168,0.15838292430147768,-0.027759735173942902,0.027759735173942902
phase3b_04,1451,Attack_Data_Master/Web_Shell_6/UAD-WS6-2311,210,1,1,0.599128808309621,TP,8,192_6,0.0,0.02681154810326915,0.02681154810326915
phase3b_04,1451,Attack_Data_Master/Web_Shell_6/UAD-WS6-2311,210,1,1,0.599128808309621,TP,9,142_119,0.0,-0.023944710579312984,0.023944710579312984
phase3b_04,1451,Attack_Data_Master/Web_Shell_6/UAD-WS6-2311,210,1,1,0.599128808309621,TP,10,125_125,0.0,0.023935791651749104,0.023935791651749104
phase3b_05,1486,Attack_Data_Master/Web_Shell_7/UAD-WS7-1613,270,1,1,0.992368417593506,TP,1,104_3,0.3306540814832186,0.35002001807205835,0.35002001807205835
phase3b_05,1486,Attack_Data_Master/Web_Shell_7/UAD-WS7-1613,270,1,1,0.992368417593506,TP,2,265_104,0.17220805470799835,0.12016991708927555,0.12016991708927555
phase3b_05,1486,Attack_Data_Master/Web_Shell_7/UAD-WS7-1613,270,1,1,0.992368417593506,TP,3,221_221,0.0,0.06429917294732346,0.06429917294732346
phase3b_05,1486,Attack_Data_Master/Web_Shell_7/UAD-WS7-1613,270,1,1,0.992368417593506,TP,4,168_265,0.0,-0.06254282993811233,0.06254282993811233
phase3b_05,1486,Attack_Data_Master/Web_Shell_7/UAD-WS7-1613,270,1,1,0.992368417593506,TP,5,5_197,0.0,-0.04990119109235465,0.04990119109235465
phase3b_05,1486,Attack_Data_Master/Web_Shell_7/UAD-WS7-1613,270,1,1,0.992368417593506,TP,6,4_4,0.0,0.04651647471727245,0.04651647471727245
phase3b_05,1486,Attack_Data_Master/Web_Shell_7/UAD-WS7-1613,270,1,1,0.992368417593506,TP,7,265_142,0.0,0.04474006111229111,0.04474006111229111
phase3b_05,1486,Attack_Data_Master/Web_Shell_7/UAD-WS7-1613,270,1,1,0.992368417593506,TP,8,265_175,0.0,-0.038914132542231014,0.038914132542231014
phase3b_05,1486,Attack_Data_Master/Web_Shell_7/UAD-WS7-1613,270,1,1,0.992368417593506,TP,9,195_195,0.0,0.038411436679808085,0.038411436679808085
phase3b_05,1486,Attack_Data_Master/Web_Shell_7/UAD-WS7-1613,270,1,1,0.992368417593506,TP,10,102_6,0.0,-0.031569108170905094,0.031569108170905094
phase3b_06,111,Attack_Data_Master/Adduser_9/UAD-Adduser-9-17612,300,1,0,0.0086344290382736,FN,1,168_168,0.0,-0.05232687532480554,0.05232687532480554
phase3b_06,111,Attack_Data_Master/Adduser_9/UAD-Adduser-9-17612,300,1,0,0.0086344290382736,FN,2,168_265,0.0,-0.03270863654752475,0.03270863654752475
phase3b_06,111,Attack_Data_Master/Adduser_9/UAD-Adduser-9-17612,300,1,0,0.0086344290382736,FN,3,78_78,0.0,-0.026615395209686962,0.026615395209686962
phase3b_06,111,Attack_Data_Master/Adduser_9/UAD-Adduser-9-17612,300,1,0,0.0086344290382736,FN,4,265_265,0.0,-0.02276684759375974,0.02276684759375974
phase3b_06,111,Attack_Data_Master/Adduser_9/UAD-Adduser-9-17612,300,1,0,0.0086344290382736,FN,5,78_13,0.0,-0.0159442505594146,0.0159442505594146
phase3b_06,111,Attack_Data_Master/Adduser_9/UAD-Adduser-9-17612,300,1,0,0.0086344290382736,FN,6,3_4,0.11770042523418356,-0.014585815584879796,0.014585815584879796
phase3b_06,111,Attack_Data_Master/Adduser_9/UAD-Adduser-9-17612,300,1,0,0.0086344290382736,FN,7,3_265,0.0,-0.013705187020787121,0.013705187020787121
phase3b_06,111,Attack_Data_Master/Adduser_9/UAD-Adduser-9-17612,300,1,0,0.0086344290382736,FN,8,265_3,0.0,-0.012247181582317091,0.012247181582317091
phase3b_06,111,Attack_Data_Master/Adduser_9/UAD-Adduser-9-17612,300,1,0,0.0086344290382736,FN,9,192_6,0.0,0.012040794645821295,0.012040794645821295
phase3b_06,111,Attack_Data_Master/Adduser_9/UAD-Adduser-9-17612,300,1,0,0.0086344290382736,FN,10,43_3,0.0,-0.012003268905648469,0.012003268905648469
phase3b_07,156,Attack_Data_Master/Adduser_9/UAD-Adduser-9-17629,840,1,0,0.0279037376176132,FN,1,168_168,0.0,-0.05854353879276167,0.05854353879276167
phase3b_07,156,Attack_Data_Master/Adduser_9/UAD-Adduser-9-17629,840,1,0,0.0279037376176132,FN,2,168_265,0.0,-0.04571884971206972,0.04571884971206972
phase3b_07,156,Attack_Data_Master/Adduser_9/UAD-Adduser-9-17629,840,1,0,0.0279037376176132,FN,3,78_240,0.0907055691467622,0.03278153010225322,0.03278153010225322
phase3b_07,156,Attack_Data_Master/Adduser_9/UAD-Adduser-9-17629,840,1,0,0.0279037376176132,FN,4,78_78,0.0,-0.02621535871040012,0.02621535871040012
phase3b_07,156,Attack_Data_Master/Adduser_9/UAD-Adduser-9-17629,840,1,0,0.0279037376176132,FN,5,78_13,0.0,-0.021650250527097247,0.021650250527097247
phase3b_07,156,Attack_Data_Master/Adduser_9/UAD-Adduser-9-17629,840,1,0,0.0279037376176132,FN,6,78_102,0.0,-0.017034279839813985,0.017034279839813985
phase3b_07,156,Attack_Data_Master/Adduser_9/UAD-Adduser-9-17629,840,1,0,0.0279037376176132,FN,7,265_265,0.1171415994908256,-0.015662490551666196,0.015662490551666196
phase3b_07,156,Attack_Data_Master/Adduser_9/UAD-Adduser-9-17629,840,1,0,0.0279037376176132,FN,8,265_3,0.0,-0.01378946352677014,0.01378946352677014
phase3b_07,156,Attack_Data_Master/Adduser_9/UAD-Adduser-9-17629,840,1,0,0.0279037376176132,FN,9,192_6,0.0,0.012694825216500564,0.012694825216500564
phase3b_07,156,Attack_Data_Master/Adduser_9/UAD-Adduser-9-17629,840,1,0,0.0279037376176132,FN,10,3_265,0.0,-0.012628012054757528,0.012628012054757528
phase3b_08,585,Attack_Data_Master/Hydra_SSH_3/UAD-Hydra-SSH-3-6624,30,1,0,0.0111842638549194,FN,1,102_6,0.25381217304820564,-0.056676280250206865,0.056676280250206865
phase3b_08,585,Attack_Data_Master/Hydra_SSH_3/UAD-Hydra-SSH-3-6624,30,1,0,0.0111842638549194,FN,2,102_102,0.5718710302105193,-0.042518634988572244,0.042518634988572244
phase3b_08,585,Attack_Data_Master/Hydra_SSH_3/UAD-Hydra-SSH-3-6624,30,1,0,0.0111842638549194,FN,3,78_142,0.0,-0.025902271954631736,0.025902271954631736
phase3b_08,585,Attack_Data_Master/Hydra_SSH_3/UAD-Hydra-SSH-3-6624,30,1,0,0.0111842638549194,FN,4,3_6,0.08912967418372936,-0.025381825758384043,0.025381825758384043
phase3b_08,585,Attack_Data_Master/Hydra_SSH_3/UAD-Hydra-SSH-3-6624,30,1,0,0.0111842638549194,FN,5,168_168,0.0,-0.021813126860406568,0.021813126860406568
phase3b_08,585,Attack_Data_Master/Hydra_SSH_3/UAD-Hydra-SSH-3-6624,30,1,0,0.0111842638549194,FN,6,168_265,0.0,-0.021141322590917135,0.021141322590917135
phase3b_08,585,Attack_Data_Master/Hydra_SSH_3/UAD-Hydra-SSH-3-6624,30,1,0,0.0111842638549194,FN,7,27_5,0.0,-0.018220290862065287,0.018220290862065287
phase3b_08,585,Attack_Data_Master/Hydra_SSH_3/UAD-Hydra-SSH-3-6624,30,1,0,0.0111842638549194,FN,8,195_5,0.08877854826386922,-0.018085447379629794,0.018085447379629794
phase3b_08,585,Attack_Data_Master/Hydra_SSH_3/UAD-Hydra-SSH-3-6624,30,1,0,0.0111842638549194,FN,9,265_43,0.0,-0.01768400451032787,0.01768400451032787
phase3b_08,585,Attack_Data_Master/Hydra_SSH_3/UAD-Hydra-SSH-3-6624,30,1,0,0.0111842638549194,FN,10,78_102,0.0,-0.015925118387891297,0.015925118387891297
phase3b_09,1449,Attack_Data_Master/Web_Shell_6/UAD-WS6-2311,150,1,0,0.334272421731235,FN,1,43_3,0.15337512432894493,0.03791820531594522,0.03791820531594522
phase3b_09,1449,Attack_Data_Master/Web_Shell_6/UAD-WS6-2311,150,1,0,0.334272421731235,FN,2,265_168,0.25060965330138807,-0.024221755383692613,0.024221755383692613
phase3b_09,1449,Attack_Data_Master/Web_Shell_6/UAD-WS6-2311,150,1,0,0.334272421731235,FN,3,168_265,0.34989024579485767,0.02391213802815519,0.02391213802815519
phase3b_09,1449,Attack_Data_Master/Web_Shell_6/UAD-WS6-2311,150,1,0,0.334272421731235,FN,4,78_13,0.0,-0.022596896246261183,0.022596896246261183
phase3b_09,1449,Attack_Data_Master/Web_Shell_6/UAD-WS6-2311,150,1,0,0.334272421731235,FN,5,3_265,0.0,-0.02136819402101003,0.02136819402101003
phase3b_09,1449,Attack_Data_Master/Web_Shell_6/UAD-WS6-2311,150,1,0,0.334272421731235,FN,6,43_168,0.2900818283541214,-0.015787900546976673,0.015787900546976673
phase3b_09,1449,Attack_Data_Master/Web_Shell_6/UAD-WS6-2311,150,1,0,0.334272421731235,FN,7,265_3,0.0,-0.01465346891325386,0.01465346891325386
phase3b_09,1449,Attack_Data_Master/Web_Shell_6/UAD-WS6-2311,150,1,0,0.334272421731235,FN,8,265_265,0.08975124681683638,-0.014252880864466501,0.014252880864466501
phase3b_09,1449,Attack_Data_Master/Web_Shell_6/UAD-WS6-2311,150,1,0,0.334272421731235,FN,9,192_6,0.0,0.014111090933038957,0.014111090933038957
phase3b_09,1449,Attack_Data_Master/Web_Shell_6/UAD-WS6-2311,150,1,0,0.334272421731235,FN,10,13_4,0.0,-0.013313168748292028,0.013313168748292028
phase3b_10,1603,Attack_Data_Master/Web_Shell_9/UAD-WS9-2462,1020,1,0,0.2016553101064286,FN,1,168_168,0.6386202850029589,0.07906375123508005,0.07906375123508005
phase3b_10,1603,Attack_Data_Master/Web_Shell_9/UAD-WS9-2462,1020,1,0,0.2016553101064286,FN,2,265_265,0.0,-0.03556018852314175,0.03556018852314175
phase3b_10,1603,Attack_Data_Master/Web_Shell_9/UAD-WS9-2462,1020,1,0,0.2016553101064286,FN,3,78_13,0.0,-0.029678760139643826,0.029678760139643826
phase3b_10,1603,Attack_Data_Master/Web_Shell_9/UAD-WS9-2462,1020,1,0,0.2016553101064286,FN,4,168_265,0.14631956498254747,-0.027435233479380292,0.027435233479380292
phase3b_10,1603,Attack_Data_Master/Web_Shell_9/UAD-WS9-2462,1020,1,0,0.2016553101064286,FN,5,265_168,0.1397356109701723,-0.022468139007003785,0.022468139007003785
phase3b_10,1603,Attack_Data_Master/Web_Shell_9/UAD-WS9-2462,1020,1,0,0.2016553101064286,FN,6,265_3,0.0,-0.019096628504692986,0.019096628504692986
phase3b_10,1603,Attack_Data_Master/Web_Shell_9/UAD-WS9-2462,1020,1,0,0.2016553101064286,FN,7,142_142,0.0,-0.013987435351899028,0.013987435351899028
phase3b_10,1603,Attack_Data_Master/Web_Shell_9/UAD-WS9-2462,1020,1,0,0.2016553101064286,FN,8,78_142,0.0,-0.012926040472437367,0.012926040472437367
phase3b_10,1603,Attack_Data_Master/Web_Shell_9/UAD-WS9-2462,1020,1,0,0.2016553101064286,FN,9,125_125,0.0,0.012904444275293154,0.012904444275293154
phase3b_10,1603,Attack_Data_Master/Web_Shell_9/UAD-WS9-2462,1020,1,0,0.2016553101064286,FN,10,3_265,0.0,-0.012761561243200813,0.012761561243200813
phase3b_11,2241,Training_Data_Master/UTD-0355,90,0,0,0.0033432395480542,TN,1,192_6,0.33521932058099,-0.15356017926058935,0.15356017926058935
phase3b_11,2241,Training_Data_Master/UTD-0355,90,0,0,0.0033432395480542,TN,2,33_5,0.3537194649232634,-0.05831006532574423,0.05831006532574423
phase3b_11,2241,Training_Data_Master/UTD-0355,90,0,0,0.0033432395480542,TN,3,168_265,0.0,-0.035879732913479706,0.035879732913479706
phase3b_11,2241,Training_Data_Master/UTD-0355,90,0,0,0.0033432395480542,TN,4,168_168,0.0,-0.0346122364835667,0.0346122364835667
phase3b_11,2241,Training_Data_Master/UTD-0355,90,0,0,0.0033432395480542,TN,5,6_33,0.3653794996834017,0.03296983239156249,0.03296983239156249
phase3b_11,2241,Training_Data_Master/UTD-0355,90,0,0,0.0033432395480542,TN,6,102_142,0.0,0.021010658775513887,0.021010658775513887
phase3b_11,2241,Training_Data_Master/UTD-0355,90,0,0,0.0033432395480542,TN,7,197_192,0.21046407270366263,0.02023911772380491,0.02023911772380491
phase3b_11,2241,Training_Data_Master/UTD-0355,90,0,0,0.0033432395480542,TN,8,78_146,0.0,0.018378027730075942,0.018378027730075942
phase3b_11,2241,Training_Data_Master/UTD-0355,90,0,0,0.0033432395480542,TN,9,5_3,0.33057608456478005,-0.017506412539220972,0.017506412539220972
phase3b_11,2241,Training_Data_Master/UTD-0355,90,0,0,0.0033432395480542,TN,10,3_265,0.0,-0.01624224649013971,0.01624224649013971
phase3b_12,2787,Training_Data_Master/UTD-0558,450,0,0,0.0436396891414953,TN,1,4_4,0.9929464852088452,-0.07293055011974046,0.07293055011974046
phase3b_12,2787,Training_Data_Master/UTD-0558,450,0,0,0.0436396891414953,TN,2,168_168,0.0,-0.033947486188972094,0.033947486188972094
phase3b_12,2787,Training_Data_Master/UTD-0558,450,0,0,0.0436396891414953,TN,3,168_265,0.0,-0.027867126353182396,0.027867126353182396
phase3b_12,2787,Training_Data_Master/UTD-0558,450,0,0,0.0436396891414953,TN,4,78_78,0.0,-0.01942230291845218,0.01942230291845218
phase3b_12,2787,Training_Data_Master/UTD-0558,450,0,0,0.0436396891414953,TN,5,78_13,0.0,-0.015911171461747385,0.015911171461747385
phase3b_12,2787,Training_Data_Master/UTD-0558,450,0,0,0.0436396891414953,TN,6,265_265,0.0,-0.014428603780212445,0.014428603780212445
phase3b_12,2787,Training_Data_Master/UTD-0558,450,0,0,0.0436396891414953,TN,7,78_142,0.0,-0.014289780995160949,0.014289780995160949
phase3b_12,2787,Training_Data_Master/UTD-0558,450,0,0,0.0436396891414953,TN,8,43_3,0.0,-0.013397856326653457,0.013397856326653457
phase3b_12,2787,Training_Data_Master/UTD-0558,450,0,0,0.0436396891414953,TN,9,142_146,0.0,-0.011819487175407211,0.011819487175407211
phase3b_12,2787,Training_Data_Master/UTD-0558,450,0,0,0.0436396891414953,TN,10,78_102,0.0,-0.010375163943082487,0.010375163943082487
phase3b_13,8979,Validation_Data_Master/UVD-2555,30,0,0,1.0924560195731636e-05,TN,1,221_221,0.8303853384116828,-0.14111154040299778,0.14111154040299778
phase3b_13,8979,Validation_Data_Master/UVD-2555,30,0,0,1.0924560195731636e-05,TN,2,168_265,0.0,-0.03321818058916277,0.03321818058916277
phase3b_13,8979,Validation_Data_Master/UVD-2555,30,0,0,1.0924560195731636e-05,TN,3,168_168,0.0,-0.03102970692232783,0.03102970692232783
phase3b_13,8979,Validation_Data_Master/UVD-2555,30,0,0,1.0924560195731636e-05,TN,4,265_43,0.0,-0.014281757228283912,0.014281757228283912
phase3b_13,8979,Validation_Data_Master/UVD-2555,30,0,0,1.0924560195731636e-05,TN,5,6_6,0.18290996095272527,-0.013611581818970913,0.013611581818970913
phase3b_13,8979,Validation_Data_Master/UVD-2555,30,0,0,1.0924560195731636e-05,TN,6,78_13,0.0,-0.011966674104245534,0.011966674104245534
phase3b_13,8979,Validation_Data_Master/UVD-2555,30,0,0,1.0924560195731636e-05,TN,7,78_78,0.0,-0.011295446747268486,0.011295446747268486
phase3b_13,8979,Validation_Data_Master/UVD-2555,30,0,0,1.0924560195731636e-05,TN,8,43_3,0.0,-0.009780888541618139,0.009780888541618139
phase3b_13,8979,Validation_Data_Master/UVD-2555,30,0,0,1.0924560195731636e-05,TN,9,192_6,0.0,0.009710218461199684,0.009710218461199684
phase3b_13,8979,Validation_Data_Master/UVD-2555,30,0,0,1.0924560195731636e-05,TN,10,265_265,0.0,-0.008573585783420233,0.008573585783420233
phase3b_14,10236,Validation_Data_Master/UVD-3132,360,0,0,0.0425671178293395,TN,1,5_197,0.3819644233380095,-0.132004314061115,0.132004314061115
phase3b_14,10236,Validation_Data_Master/UVD-3132,360,0,0,0.0425671178293395,TN,2,3_6,0.39631165921948597,-0.12273504785501341,0.12273504785501341
phase3b_14,10236,Validation_Data_Master/UVD-3132,360,0,0,0.0425671178293395,TN,3,5_91,0.21658963951095064,0.07785006501092362,0.07785006501092362
phase3b_14,10236,Validation_Data_Master/UVD-3132,360,0,0,0.0425671178293395,TN,4,168_265,0.0,-0.05261288423497086,0.05261288423497086
phase3b_14,10236,Validation_Data_Master/UVD-3132,360,0,0,0.0425671178293395,TN,5,197_192,0.3240327035584338,0.04489285082569643,0.04489285082569643
phase3b_14,10236,Validation_Data_Master/UVD-3132,360,0,0,0.0425671178293395,TN,6,168_168,0.0,-0.04334915539993062,0.04334915539993062
phase3b_14,10236,Validation_Data_Master/UVD-3132,360,0,0,0.0425671178293395,TN,7,195_5,0.1973751956785121,-0.036525027208196816,0.036525027208196816
phase3b_14,10236,Validation_Data_Master/UVD-3132,360,0,0,0.0425671178293395,TN,8,146_104,0.0,0.02279401885073912,0.02279401885073912
phase3b_14,10236,Validation_Data_Master/UVD-3132,360,0,0,0.0425671178293395,TN,9,140_78,0.0,-0.022120266747483193,0.022120266747483193
phase3b_14,10236,Validation_Data_Master/UVD-3132,360,0,0,0.0425671178293395,TN,10,3_104,0.0,-0.020428698242601063,0.020428698242601063
phase3b_15,11098,Validation_Data_Master/UVD-3474,300,0,0,9.724524739714537e-07,TN,1,221_221,0.922146417915866,-0.14257585716568363,0.14257585716568363
phase3b_15,11098,Validation_Data_Master/UVD-3474,300,0,0,9.724524739714537e-07,TN,2,168_102,0.21412015363113543,-0.03125602054241994,0.03125602054241994
phase3b_15,11098,Validation_Data_Master/UVD-3474,300,0,0,9.724524739714537e-07,TN,3,168_265,0.0,-0.023591313468784222,0.023591313468784222
phase3b_15,11098,Validation_Data_Master/UVD-3474,300,0,0,9.724524739714537e-07,TN,4,168_168,0.05863503003312464,-0.01897984985137881,0.01897984985137881
phase3b_15,11098,Validation_Data_Master/UVD-3474,300,0,0,9.724524739714537e-07,TN,5,265_265,0.0,-0.018781958101374955,0.018781958101374955
phase3b_15,11098,Validation_Data_Master/UVD-3474,300,0,0,9.724524739714537e-07,TN,6,3_265,0.0,-0.01811696932657796,0.01811696932657796
phase3b_15,11098,Validation_Data_Master/UVD-3474,300,0,0,9.724524739714537e-07,TN,7,192_6,0.0,0.017757985194019433,0.017757985194019433
phase3b_15,11098,Validation_Data_Master/UVD-3474,300,0,0,9.724524739714537e-07,TN,8,78_13,0.0,-0.013884011581630098,0.013884011581630098
phase3b_15,11098,Validation_Data_Master/UVD-3474,300,0,0,9.724524739714537e-07,TN,9,102_102,0.06653784051108934,-0.012871305032298528,0.012871305032298528
phase3b_15,11098,Validation_Data_Master/UVD-3474,300,0,0,9.724524739714537e-07,TN,10,175_142,0.0,0.012679294969869017,0.012679294969869017
phase3b_16,3410,Validation_Data_Master/UVD-0093,270,0,1,0.5439256364863382,FP,1,265_3,0.5910470453057097,0.17534099072920203,0.17534099072920203
phase3b_16,3410,Validation_Data_Master/UVD-0093,270,0,1,0.5439256364863382,FP,2,3_265,0.501912918117067,0.1467195711919331,0.1467195711919331
phase3b_16,3410,Validation_Data_Master/UVD-0093,270,0,1,0.5439256364863382,FP,3,168_265,0.45666864835277754,0.125970183811575,0.125970183811575
phase3b_16,3410,Validation_Data_Master/UVD-0093,270,0,1,0.5439256364863382,FP,4,168_168,0.0,-0.10546861937748107,0.10546861937748107
phase3b_16,3410,Validation_Data_Master/UVD-0093,270,0,1,0.5439256364863382,FP,5,265_168,0.4361198900236584,-0.05174070242402747,0.05174070242402747
phase3b_16,3410,Validation_Data_Master/UVD-0093,270,0,1,0.5439256364863382,FP,6,13_78,0.0,-0.04229995285459368,0.04229995285459368
phase3b_16,3410,Validation_Data_Master/UVD-0093,270,0,1,0.5439256364863382,FP,7,309_309,0.0,-0.034239666309587344,0.034239666309587344
phase3b_16,3410,Validation_Data_Master/UVD-0093,270,0,1,0.5439256364863382,FP,8,192_6,0.0,0.03301774344301579,0.03301774344301579
phase3b_16,3410,Validation_Data_Master/UVD-0093,270,0,1,0.5439256364863382,FP,9,45_45,0.0,0.031952526555495395,0.031952526555495395
phase3b_16,3410,Validation_Data_Master/UVD-0093,270,0,1,0.5439256364863382,FP,10,104_146,0.0,-0.02771697616123059,0.02771697616123059
phase3b_17,3474,Validation_Data_Master/UVD-0093,2190,0,1,0.7949873810691428,FP,1,168_168,0.5645418484913187,0.1921207955529039,0.1921207955529039
phase3b_17,3474,Validation_Data_Master/UVD-0093,2190,0,1,0.7949873810691428,FP,2,168_265,0.2910303965555183,0.06746784258149448,0.06746784258149448
phase3b_17,3474,Validation_Data_Master/UVD-0093,2190,0,1,0.7949873810691428,FP,3,265_265,0.29861182203713765,0.06253122353400971,0.06253122353400971
phase3b_17,3474,Validation_Data_Master/UVD-0093,2190,0,1,0.7949873810691428,FP,4,3_265,0.3198641205671437,0.04686545340191334,0.04686545340191334
phase3b_17,3474,Validation_Data_Master/UVD-0093,2190,0,1,0.7949873810691428,FP,5,142_78,0.0,-0.04475590264266296,0.04475590264266296
phase3b_17,3474,Validation_Data_Master/UVD-0093,2190,0,1,0.7949873810691428,FP,6,265_3,0.21972324211278305,0.04361405551356399,0.04361405551356399
phase3b_17,3474,Validation_Data_Master/UVD-0093,2190,0,1,0.7949873810691428,FP,7,3_19,0.0,-0.03709328763740475,0.03709328763740475
phase3b_17,3474,Validation_Data_Master/UVD-0093,2190,0,1,0.7949873810691428,FP,8,168_43,0.0,-0.030546475662748936,0.030546475662748936
phase3b_17,3474,Validation_Data_Master/UVD-0093,2190,0,1,0.7949873810691428,FP,9,78_102,0.0,-0.029643427703234408,0.029643427703234408
phase3b_17,3474,Validation_Data_Master/UVD-0093,2190,0,1,0.7949873810691428,FP,10,3_168,0.201231654238967,0.02862138454341632,0.02862138454341632
phase3b_18,5405,Validation_Data_Master/UVD-0861,660,0,1,0.7080177094743607,FP,1,168_168,0.6177194893114996,0.20329082754546612,0.20329082754546612
phase3b_18,5405,Validation_Data_Master/UVD-0861,660,0,1,0.7080177094743607,FP,2,168_265,0.45492046443078193,0.1207230147799036,0.1207230147799036
phase3b_18,5405,Validation_Data_Master/UVD-0861,660,0,1,0.7080177094743607,FP,3,265_168,0.43445036928350705,0.07200822592537957,0.07200822592537957
phase3b_18,5405,Validation_Data_Master/UVD-0861,660,0,1,0.7080177094743607,FP,4,102_6,0.0,0.06291255688555693,0.06291255688555693
phase3b_18,5405,Validation_Data_Master/UVD-0861,660,0,1,0.7080177094743607,FP,5,102_27,0.0,-0.05343373744968915,0.05343373744968915
phase3b_18,5405,Validation_Data_Master/UVD-0861,660,0,1,0.7080177094743607,FP,6,6_195,0.0,0.04358037983942157,0.04358037983942157
phase3b_18,5405,Validation_Data_Master/UVD-0861,660,0,1,0.7080177094743607,FP,7,6_33,0.0,-0.04170264857854766,0.04170264857854766
phase3b_18,5405,Validation_Data_Master/UVD-0861,660,0,1,0.7080177094743607,FP,8,197_192,0.0,-0.0402207216863822,0.0402207216863822
phase3b_18,5405,Validation_Data_Master/UVD-0861,660,0,1,0.7080177094743607,FP,9,5_309,0.0,0.0399234405117688,0.0399234405117688
phase3b_18,5405,Validation_Data_Master/UVD-0861,660,0,1,0.7080177094743607,FP,10,142_146,0.0,-0.039014686880739405,0.039014686880739405
phase3b_19,11803,Validation_Data_Master/UVD-3736,1860,0,1,0.9935929060951132,FP,1,265_104,0.15751422406148588,0.1057699331832298,0.1057699331832298
phase3b_19,11803,Validation_Data_Master/UVD-3736,1860,0,1,0.9935929060951132,FP,2,104_142,0.15807680485243322,0.09330624984755663,0.09330624984755663
phase3b_19,11803,Validation_Data_Master/UVD-3736,1860,0,1,0.9935929060951132,FP,3,104_265,0.15898713779395163,0.0837604935125387,0.0837604935125387
phase3b_19,11803,Validation_Data_Master/UVD-3736,1860,0,1,0.9935929060951132,FP,4,104_3,0.15122033973935098,0.08064124816838436,0.08064124816838436
phase3b_19,11803,Validation_Data_Master/UVD-3736,1860,0,1,0.9935929060951132,FP,5,19_3,0.0,0.04764474500722921,0.04764474500722921
phase3b_19,11803,Validation_Data_Master/UVD-3736,1860,0,1,0.9935929060951132,FP,6,175_104,0.18823243056558464,0.04644771992480569,0.04644771992480569
phase3b_19,11803,Validation_Data_Master/UVD-3736,1860,0,1,0.9935929060951132,FP,7,142_142,0.48017050749141205,0.043280284158545346,0.043280284158545346
phase3b_19,11803,Validation_Data_Master/UVD-3736,1860,0,1,0.9935929060951132,FP,8,5_102,0.0,-0.039322436485880075,0.039322436485880075
phase3b_19,11803,Validation_Data_Master/UVD-3736,1860,0,1,0.9935929060951132,FP,9,175_265,0.17492203581923826,0.038092490845420754,0.038092490845420754
phase3b_19,11803,Validation_Data_Master/UVD-3736,1860,0,1,0.9935929060951132,FP,10,168_168,0.0,-0.03692599269328857,0.03692599269328857
phase3b_20,13677,Validation_Data_Master/UVD-4333,210,0,1,0.8120293747148176,FP,1,78_240,0.4133738680978893,0.38797960966496475,0.38797960966496475
phase3b_20,13677,Validation_Data_Master/UVD-4333,210,0,1,0.8120293747148176,FP,2,240_78,0.48742637693264196,-0.05604136500729902,0.05604136500729902
phase3b_20,13677,Validation_Data_Master/UVD-4333,210,0,1,0.8120293747148176,FP,3,265_168,0.0,0.053418328587005855,0.053418328587005855
phase3b_20,13677,Validation_Data_Master/UVD-4333,210,0,1,0.8120293747148176,FP,4,168_102,0.0,0.04235889642781241,0.04235889642781241
phase3b_20,13677,Validation_Data_Master/UVD-4333,210,0,1,0.8120293747148176,FP,5,43_3,0.0,-0.04086201248844519,0.04086201248844519
phase3b_20,13677,Validation_Data_Master/UVD-4333,210,0,1,0.8120293747148176,FP,6,104_146,0.0,-0.03163057434667934,0.03163057434667934
phase3b_20,13677,Validation_Data_Master/UVD-4333,210,0,1,0.8120293747148176,FP,7,102_142,0.0,-0.028675010571538116,0.028675010571538116
phase3b_20,13677,Validation_Data_Master/UVD-4333,210,0,1,0.8120293747148176,FP,8,78_13,0.0,-0.028178006464448162,0.028178006464448162
phase3b_20,13677,Validation_Data_Master/UVD-4333,210,0,1,0.8120293747148176,FP,9,78_78,0.3434071723014203,0.027622294789650618,0.027622294789650618
phase3b_20,13677,Validation_Data_Master/UVD-4333,210,0,1,0.8120293747148176,FP,10,4_3,0.0,0.027301859309116012,0.027301859309116012
