background_id,trace_id,window_start,label,class_name
shap_bg_000,Validation_Data_Master/UVD-1423,180,0,normal
shap_bg_001,Validation_Data_Master/UVD-1865,540,0,normal
shap_bg_002,Validation_Data_Master/UVD-1601,1020,0,normal
shap_bg_003,Training_Data_Master/UTD-0552,60,0,normal
shap_bg_004,Validation_Data_Master/UVD-3279,1140,0,normal
shap_bg_005,Validation_Data_Master/UVD-4225,1860,0,normal
shap_bg_006,Validation_Data_Master/UVD-2599,150,0,normal
shap_bg_007,Validation_Data_Master/UVD-2854,300,0,normal
shap_bg_008,Validation_Data_Master/UVD-0755,30,0,normal
shap_bg_009,Validation_Data_Master/UVD-1592,90,0,normal
shap_bg_010,Validation_Data_Master/UVD-1112,1440,0,normal
shap_bg_011,Validation_Data_Master/UVD-2758,450,0,normal
shap_bg_012,Validation_Data_Master/UVD-1553,3090,0,normal
shap_bg_013,Training_Data_Master/UTD-0435,450,0,normal
shap_bg_014,Validation_Data_Master/UVD-3322,240,0,normal
shap_bg_015,Validation_Data_Master/UVD-1978,210,0,normal
shap_bg_016,Validation_Data_Master/UVD-1811,750,0,normal
shap_bg_017,Validation_Data_Master/UVD-3180,780,0,normal
shap_bg_018,Validation_Data_Master/UVD-0292,0,0,normal
shap_bg_019,Validation_Data_Master/UVD-3582,270,0,normal
shap_bg_020,Validation_Data_Master/UVD-2132,270,0,normal
shap_bg_021,Validation_Data_Master/UVD-3499,240,0,normal
shap_bg_022,Validation_Data_Master/UVD-0149,450,0,normal
shap_bg_023,Validation_Data_Master/UVD-2843,600,0,normal
shap_bg_024,Validation_Data_Master/UVD-3809,0,0,normal
shap_bg_025,Validation_Data_Master/UVD-3833,0,0,normal
shap_bg_026,Validation_Data_Master/UVD-1570,450,0,normal
shap_bg_027,Training_Data_Master/UTD-0560,300,0,normal
shap_bg_028,Validation_Data_Master/UVD-3648,1500,0,normal
shap_bg_029,Validation_Data_Master/UVD-4024,180,0,normal
shap_bg_030,Validation_Data_Master/UVD-2548,600,0,normal
shap_bg_031,Validation_Data_Master/UVD-2662,90,0,normal
shap_bg_032,Validation_Data_Master/UVD-3070,390,0,normal
shap_bg_033,Validation_Data_Master/UVD-1601,1290,0,normal
shap_bg_034,Validation_Data_Master/UVD-4243,240,0,normal
shap_bg_035,Validation_Data_Master/UVD-2949,0,0,normal
shap_bg_036,Training_Data_Master/UTD-0423,300,0,normal
shap_bg_037,Validation_Data_Master/UVD-3190,240,0,normal
shap_bg_038,Validation_Data_Master/UVD-1584,120,0,normal
shap_bg_039,Validation_Data_Master/UVD-3648,1800,0,normal
shap_bg_040,Validation_Data_Master/UVD-2093,480,0,normal
shap_bg_041,Validation_Data_Master/UVD-0383,900,0,normal
shap_bg_042,Training_Data_Master/UTD-0543,1230,0,normal
shap_bg_043,Validation_Data_Master/UVD-3296,120,0,normal
shap_bg_044,Validation_Data_Master/UVD-3248,150,0,normal
shap_bg_045,Validation_Data_Master/UVD-0214,0,0,normal
shap_bg_046,Validation_Data_Master/UVD-1203,90,0,normal
shap_bg_047,Validation_Data_Master/UVD-0009,0,0,normal
shap_bg_048,Training_Data_Master/UTD-0563,720,0,normal
shap_bg_049,Validation_Data_Master/UVD-3511,1530,0,normal
shap_bg_050,Attack_Data_Master/Hydra_FTP_9/UAD-Hydra-FTP-9-2311,270,1,attack
shap_bg_051,Attack_Data_Master/Meterpreter_3/UAD-Meterpreter-3-2462,510,1,attack
shap_bg_052,Attack_Data_Master/Web_Shell_7/UAD-WS7-2462,900,1,attack
shap_bg_053,Attack_Data_Master/Hydra_SSH_7/UAD-Hydra-SSH-7-1371,150,1,attack
shap_bg_054,Attack_Data_Master/Adduser_1/UAD-Adduser-1-1613,540,1,attack
shap_bg_055,Attack_Data_Master/Web_Shell_1/UAD-WS1-2783,270,1,attack
shap_bg_056,Attack_Data_Master/Web_Shell_4/UAD-WS4-1613,270,1,attack
shap_bg_057,Attack_Data_Master/Web_Shell_9/UAD-WS9-4955,270,1,attack
shap_bg_058,Attack_Data_Master/Web_Shell_7/UAD-WS7-2311,90,1,attack
shap_bg_059,Attack_Data_Master/Hydra_FTP_9/UAD-Hydra-FTP-9-1442,960,1,attack
shap_bg_060,Attack_Data_Master/Hydra_SSH_3/UAD-Hydra-SSH-3-6511,360,1,attack
shap_bg_061,Attack_Data_Master/Web_Shell_6/UAD-WS6-5189,360,1,attack
shap_bg_062,Attack_Data_Master/Java_Meterpreter_4/UAD-Java-Meterpreter-4-2342,30,1,attack
shap_bg_063,Attack_Data_Master/Hydra_SSH_5/UAD-Hydra-SSH-5-2311,1680,1,attack
shap_bg_064,Attack_Data_Master/Adduser_1/UAD-Adduser-1-2462,270,1,attack
shap_bg_065,Attack_Data_Master/Hydra_SSH_4/UAD-Hydra-SSH-4-1442,120,1,attack
shap_bg_066,Attack_Data_Master/Web_Shell_9/UAD-WS9-2783,210,1,attack
shap_bg_067,Attack_Data_Master/Hydra_FTP_9/UAD-Hydra-FTP-9-3523,270,1,attack
shap_bg_068,Attack_Data_Master/Web_Shell_1/UAD-WS1-2462,600,1,attack
shap_bg_069,Attack_Data_Master/Meterpreter_9/UAD-Meterpreter-9-2462,780,1,attack
shap_bg_070,Attack_Data_Master/Hydra_SSH_7/UAD-Hydra-SSH-7-7613,390,1,attack
shap_bg_071,Attack_Data_Master/Hydra_FTP_3/UAD-Hydra-FTP-3-9300,660,1,attack
shap_bg_072,Attack_Data_Master/Hydra_FTP_9/UAD-Hydra-FTP-9-2783,30,1,attack
shap_bg_073,Attack_Data_Master/Hydra_SSH_9/UAD-Hydra-SSH-9-1442,360,1,attack
shap_bg_074,Attack_Data_Master/Web_Shell_1/UAD-WS1-4605,60,1,attack
shap_bg_075,Attack_Data_Master/Hydra_SSH_6/UAD-Hydra-SSH-6-7392,60,1,attack
shap_bg_076,Attack_Data_Master/Java_Meterpreter_4/UAD-Java-Meterpreter-4-20043,0,1,attack
shap_bg_077,Attack_Data_Master/Hydra_SSH_5/UAD-Hydra-SSH-5-2462,60,1,attack
shap_bg_078,Attack_Data_Master/Adduser_2/UAD-Adduser-2-2462,330,1,attack
shap_bg_079,Attack_Data_Master/Java_Meterpreter_6/UAD-Java-Meterpreter-6-2462,480,1,attack
shap_bg_080,Attack_Data_Master/Hydra_SSH_5/UAD-Hydra-SSH-5-2311,1110,1,attack
shap_bg_081,Attack_Data_Master/Hydra_SSH_8/UAD-Hydra-SSH-8-2783,450,1,attack
shap_bg_082,Attack_Data_Master/Hydra_SSH_8/UAD-Hydra-SSH-8-1442,270,1,attack
shap_bg_083,Attack_Data_Master/Web_Shell_4/UAD-WS4-1371,30,1,attack
shap_bg_084,Attack_Data_Master/Web_Shell_6/UAD-WS6-2462,780,1,attack
shap_bg_085,Attack_Data_Master/Web_Shell_7/UAD-WS7-2311,420,1,attack
shap_bg_086,Attack_Data_Master/Hydra_FTP_10/UAD-Hydra-FTP-10-2311,60,1,attack
shap_bg_087,Attack_Data_Master/Meterpreter_6/UAD-Meterpreter-6-17041,150,1,attack
shap_bg_088,Attack_Data_Master/Hydra_FTP_6/UAD-Hydra-FTP-61442,240,1,attack
shap_bg_089,Attack_Data_Master/Hydra_SSH_10/UAD-Hydra-SSH-10-8445,240,1,attack
shap_bg_090,Attack_Data_Master/Hydra_SSH_3/UAD-Hydra-SSH-3-2462,510,1,attack
shap_bg_091,Attack_Data_Master/Java_Meterpreter_3/UAD-Java-Meterpreter-3-2462,420,1,attack
shap_bg_092,Attack_Data_Master/Web_Shell_6/UAD-WS6-5189,720,1,attack
shap_bg_093,Attack_Data_Master/Java_Meterpreter_9/UAD-Java-Meterpreter-9-2462,480,1,attack
shap_bg_094,Attack_Data_Master/Java_Meterpreter_10/UAD-Java-Meterpreter-10-2462,780,1,attack
shap_bg_095,Attack_Data_Master/Java_Meterpreter_10/UAD-Java-Meterpreter-10-19833,240,1,attack
shap_bg_096,Attack_Data_Master/Adduser_10/UAD-Adduser-10-1613,150,1,attack
shap_bg_097,Attack_Data_Master/Web_Shell_9/UAD-WS9-4955,30,1,attack
shap_bg_098,Attack_Data_Master/Java_Meterpreter_7/UAD-Java-Meterpreter-7-20409,210,1,attack
shap_bg_099,Attack_Data_Master/Hydra_SSH_4/UAD-Hydra-SSH-4-1442,0,1,attack
